"name","kind","set_in","read_in"
"v54_aus_1866_choice_made","country_flag","events/v54_austria_events.txt",""
"v54_aus_1866_german_federal_reform","country_flag","events/v54_austria_events.txt","common/decisions/categories/v54_decision_categories.txt | common/decisions/v54_austria_decisions.txt"
"v54_aus_1866_harsh_terms","country_flag","events/v54_austria_events.txt",""
"v54_aus_1866_hegemony","country_flag","events/v54_austria_events.txt","common/decisions/categories/v54_decision_categories.txt | common/decisions/v54_austria_decisions.txt"
"v54_aus_1866_moderate","country_flag","events/v54_austria_events.txt",""
"v54_aus_accepts_union","country_flag","events/v54_austria_events.txt",""
"v54_aus_allied_line","country_flag","events/v54_austria_events.txt",""
"v54_aus_amnesty_done","country_flag","common/national_focus/v54_austria_1854_shared.txt | events/v54_austria_events.txt","events/v54_austria_events.txt"
"v54_aus_amnesty_refused","country_flag","events/v54_austria_events.txt",""
"v54_aus_army_focus_started","country_flag","common/national_focus/v54_austria_1854_shared.txt","common/decisions/v54_austria_1854_decisions.txt"
"v54_aus_army_in_galicia","country_flag","common/national_focus/v54_austria_1854_shared.txt",""
"v54_aus_ausgleich_path","country_flag","events/v54_austria_events.txt",""
"v54_aus_bamberg_states","country_flag","common/decisions/v54_austria_1854_decisions.txt",""
"v54_aus_bound_BAD","country_flag","common/decisions/v54_austria_decisions.txt",""
"v54_aus_bound_BAV","country_flag","common/decisions/v54_austria_decisions.txt",""
"v54_aus_bound_count","variable","common/decisions/v54_austria_decisions.txt | events/v54_austria_events.txt","common/decisions/v54_austria_decisions.txt"
"v54_aus_bound_HAN","country_flag","common/decisions/v54_austria_decisions.txt",""
"v54_aus_bound_HES","country_flag","common/decisions/v54_austria_decisions.txt",""
"v54_aus_bound_HSD","country_flag","common/decisions/v54_austria_decisions.txt",""
"v54_aus_bound_SAX","country_flag","common/decisions/v54_austria_decisions.txt",""
"v54_aus_bound_WUR","country_flag","common/decisions/v54_austria_decisions.txt",""
"v54_aus_centralist_reaction","country_flag","events/v54_austria_events.txt",""
"v54_aus_concordat_decided","country_flag","events/v54_austria_events.txt","common/national_focus/austrian_empire_focus.txt | events/v54_austria_events.txt"
"v54_aus_crimea_armed_neutrality","country_flag","events/v54_shared_europe_events.txt","common/national_focus/v54_austria_1854_shared.txt | common/scripted_effects/v54_austria_effects.txt | common/scripted_effects/v54_crimean_effects.txt | events/v54_austria_events.txt"
"v54_aus_crimea_decided","country_flag","events/v54_shared_europe_events.txt","events/v54_shared_europe_events.txt"
"v54_aus_crimea_joined_west","country_flag","events/v54_shared_europe_events.txt","common/national_focus/v54_austria_1854_shared.txt | common/scripted_effects/v54_austria_effects.txt | common/scripted_effects/v54_crimean_effects.txt | events/v54_austria_events.txt"
"v54_aus_crimea_mediation","country_flag","events/v54_shared_europe_events.txt","common/national_focus/v54_austria_1854_shared.txt"
"v54_aus_crimea_pro_russia","country_flag","events/v54_shared_europe_events.txt","common/national_focus/v54_austria_1854_shared.txt | common/scripted_effects/v54_austria_effects.txt | common/scripted_effects/v54_crimean_effects.txt | events/v54_austria_events.txt"
"v54_aus_d1_done","country_flag","common/national_focus/v54_austria_1854_shared.txt","common/decisions/v54_austria_1854_decisions.txt"
"v54_aus_danube_order","country_flag","common/national_focus/v54_austria_1854_shared.txt",""
"v54_aus_danubian_decided","country_flag","events/v54_austria_events.txt","events/v54_austria_events.txt"
"v54_aus_danubian_strategy","country_flag","events/v54_austria_events.txt",""
"v54_aus_december_declaration","country_flag","events/v54_austria_events.txt",""
"v54_aus_december_treaty","country_flag","events/v54_austria_events.txt",""
"v54_aus_elisabeth_wed","country_flag","events/v54_austria_events.txt","events/v54_austria_events.txt"
"v54_aus_fed_step1","country_flag","common/decisions/v54_austria_decisions.txt","common/decisions/v54_austria_decisions.txt"
"v54_aus_fed_step2","country_flag","common/decisions/v54_austria_decisions.txt","common/decisions/v54_austria_decisions.txt"
"v54_aus_fed_step3","country_flag","common/decisions/v54_austria_decisions.txt","common/decisions/v54_austria_decisions.txt"
"v54_aus_federal_done","country_flag","common/decisions/v54_austria_decisions.txt","common/decisions/categories/v54_decision_categories.txt"
"v54_aus_federal_empire_established","global_flag","events/v54_austria_events.txt",""
"v54_aus_federal_progress","variable","common/decisions/v54_austria_decisions.txt | events/v54_austria_events.txt","common/decisions/v54_austria_decisions.txt"
"v54_aus_federal_reform","country_flag","events/v54_austria_events.txt","common/decisions/categories/v54_decision_categories.txt | common/decisions/v54_austria_decisions.txt"
"v54_aus_four_points","country_flag","events/v54_austria_events.txt",""
"v54_aus_four_points_soft","country_flag","events/v54_austria_events.txt",""
"v54_aus_galicia_mobilised","country_flag","common/decisions/v54_austria_1854_decisions.txt",""
"v54_aus_gc_step1","country_flag","common/decisions/v54_austria_decisions.txt","common/decisions/v54_austria_decisions.txt"
"v54_aus_gc_step2","country_flag","common/decisions/v54_austria_decisions.txt","common/decisions/v54_austria_decisions.txt"
"v54_aus_german_hegemony_established","global_flag","events/v54_austria_events.txt",""
"v54_aus_german_revanche","country_flag","events/v54_austria_events.txt",""
"v54_aus_hegemony_done","country_flag","common/decisions/v54_austria_decisions.txt","common/decisions/v54_austria_decisions.txt"
"v54_aus_hungary_gentry_role","country_flag","events/v54_austria_events.txt",""
"v54_aus_hungary_unchanged","country_flag","events/v54_austria_events.txt",""
"v54_aus_imperial_council","country_flag","common/national_focus/v54_austria_1854_shared.txt",""
"v54_aus_italy_focus_started","country_flag","common/national_focus/v54_austria_1854_shared.txt",""
"v54_aus_italy_reform","country_flag","events/v54_shared_europe_events.txt",""
"v54_aus_italy_repression","country_flag","events/v54_shared_europe_events.txt",""
"v54_aus_limited_occupation","country_flag","events/v54_austria_events.txt",""
"v54_aus_martial_law","country_flag","common/national_focus/v54_austria_1854_shared.txt",""
"v54_aus_neoabsolutism_persists","country_flag","events/v54_shared_europe_events.txt",""
"v54_aus_no_concordat","country_flag","events/v54_austria_events.txt",""
"v54_aus_occupying_principalities","country_flag","common/decisions/v54_austria_1854_decisions.txt | events/v54_austria_events.txt","common/decisions/v54_austria_1854_decisions.txt"
"v54_aus_opposes_union","country_flag","events/v54_austria_events.txt",""
"v54_aus_porte_convention","country_flag","events/v54_austria_events.txt",""
"v54_aus_pru_treaty_1854","country_flag","events/v54_austria_events.txt",""
"v54_aus_pru_treaty_declined","country_flag","events/v54_austria_events.txt",""
"v54_aus_railways_sold","country_flag","common/decisions/v54_austria_1854_decisions.txt",""
"v54_aus_reform_pressure_accepted","country_flag","events/v54_shared_europe_events.txt",""
"v54_aus_russian_line","country_flag","events/v54_austria_events.txt",""
"v54_aus_secret_assurance","country_flag","events/v54_austria_events.txt",""
"v54_aus_siege_lifted","country_flag","common/national_focus/v54_austria_1854_shared.txt",""
"v54_aus_ultimatum_sent","country_flag","events/v54_austria_events.txt",""
"v54_aus_viceroy_general","country_flag","events/v54_austria_events.txt",""
"v54_aus_viceroy_maximilian","country_flag","events/v54_austria_events.txt",""
"v54_aus_vienna_compromise","country_flag","events/v54_austria_events.txt",""
"v54_ausgleich_completed","global_flag","common/scripted_effects/v54_scripted_effects.txt","common/scripted_triggers/v54_scripted_triggers.txt"
"v54_austria_hungary_established","global_flag","common/scripted_effects/v54_scripted_effects.txt","common/scripted_effects/v54_bridge_effects.txt | common/scripted_triggers/v54_scripted_triggers.txt"
"v54_austria_lost_italy","global_flag","common/scripted_effects/v54_scripted_effects.txt","common/scripted_effects/v54_bridge_effects.txt"
"v54_austria_won_1866","global_flag","common/scripted_effects/v54_scripted_effects.txt","common/scripted_effects/v54_bridge_effects.txt | common/scripted_triggers/v54_scripted_triggers.txt"
"v54_austria_won_italy","global_flag","common/scripted_effects/v54_scripted_effects.txt","common/scripted_effects/v54_bridge_effects.txt"
"v54_austro_prussian_war_active","global_flag","common/scripted_effects/v54_bridge_effects.txt | common/scripted_effects/v54_scripted_effects.txt","common/scripted_effects/v54_bridge_effects.txt | common/scripted_triggers/v54_scripted_triggers.txt"
"v54_austro_prussian_war_ended","global_flag","common/scripted_effects/v54_scripted_effects.txt","common/scripted_effects/v54_bridge_effects.txt"
"v54_crimea_decided","country_flag","events/v54_shared_europe_events.txt","events/v54_shared_europe_events.txt"
"v54_crimea_mediation","country_flag","events/v54_shared_europe_events.txt",""
"v54_crimea_participant","country_flag","common/scripted_effects/v54_crimean_effects.txt","common/decisions/v54_britain_1854_decisions.txt | common/decisions/v54_france_1854_decisions.txt | common/scripted_effects/v54_crimean_effects.txt | events/v54_britain_events.txt | events/v54_shared_europe_events.txt"
"v54_crimean_crisis_pending","global_flag","common/scripted_effects/v54_scripted_effects.txt",""
"v54_crimean_outcome_allied_victory","global_flag","common/scripted_effects/v54_crimean_effects.txt","events/v54_shared_europe_events.txt"
"v54_crimean_outcome_negotiated","global_flag","common/scripted_effects/v54_crimean_effects.txt","events/v54_shared_europe_events.txt"
"v54_crimean_outcome_russian_victory","global_flag","common/scripted_effects/v54_crimean_effects.txt","events/v54_shared_europe_events.txt"
"v54_crimean_war_active","global_flag","common/scripted_effects/v54_scripted_effects.txt","common/decisions/v54_austria_1854_decisions.txt | common/decisions/v54_britain_1854_decisions.txt | common/decisions/v54_france_1854_decisions.txt | common/national_focus/austrian_empire_focus.txt | common/national_focus/v54_austria_1854_shared.txt | common/national_focus/v54_britain_1854_shared.txt | common/national_focus/v54_france_1854_shared.txt | common/scripted_triggers/v54_scripted_triggers.txt | events/v54_austria_events.txt | events/v54_britain_events.txt | events/v54_shared_europe_events.txt"
"v54_crimean_war_ended","global_flag","common/scripted_effects/v54_scripted_effects.txt","common/decisions/v54_austria_1854_decisions.txt | common/decisions/v54_britain_1854_decisions.txt | common/national_focus/britain_1857_focus.txt | common/national_focus/v54_austria_1854_shared.txt | common/national_focus/v54_britain_1854_shared.txt | common/national_focus/v54_france_1854_shared.txt | common/national_focus/v54_prussia_1854_shared.txt | common/scripted_triggers/v54_scripted_triggers.txt | events/v54_shared_europe_events.txt"
"v54_danish_war_active","global_flag","common/scripted_effects/v54_scripted_effects.txt","common/scripted_effects/v54_bridge_effects.txt | common/scripted_triggers/v54_scripted_triggers.txt"
"v54_danish_war_ended","global_flag","common/scripted_effects/v54_scripted_effects.txt","common/scripted_effects/v54_bridge_effects.txt"
"v54_ems_crisis_occurred","global_flag","","common/scripted_triggers/v54_scripted_triggers.txt"
"v54_fra_alliance_full","country_flag","events/v54_france_events.txt",""
"v54_fra_alliance_limited","country_flag","events/v54_france_events.txt",""
"v54_fra_army_focus_started","country_flag","common/national_focus/v54_france_1854_shared.txt",""
"v54_fra_authoritarian_reaction","country_flag","events/v54_shared_europe_events.txt",""
"v54_fra_bosquet","country_flag","events/v54_france_events.txt",""
"v54_fra_british_connection","country_flag","common/national_focus/v54_france_1854_shared.txt",""
"v54_fra_canrobert","country_flag","events/v54_france_events.txt",""
"v54_fra_conservative_order","country_flag","common/national_focus/v54_france_1854_shared.txt",""
"v54_fra_crimea_expedition","country_flag","events/v54_france_events.txt","events/v54_france_events.txt"
"v54_fra_danube_line","country_flag","events/v54_france_events.txt",""
"v54_fra_eugenie_influence","country_flag","common/national_focus/v54_france_1854_shared.txt",""
"v54_fra_exposition_1855","country_flag","events/v54_france_events.txt","events/v54_france_events.txt"
"v54_fra_faidherbe","country_flag","events/v54_france_events.txt",""
"v54_fra_faidherbe_named","country_flag","events/v54_france_events.txt","events/v54_france_events.txt"
"v54_fra_free_trade_leaning","country_flag","events/v54_france_events.txt",""
"v54_fra_german_policy_accommodate","country_flag","events/v54_shared_europe_events.txt",""
"v54_fra_german_policy_balance","country_flag","events/v54_shared_europe_events.txt",""
"v54_fra_german_policy_contain","country_flag","events/v54_shared_europe_events.txt",""
"v54_fra_german_policy_decisive_war","country_flag","events/v54_shared_europe_events.txt",""
"v54_fra_german_policy_support_austria","country_flag","events/v54_shared_europe_events.txt",""
"v54_fra_guard_restored","country_flag","events/v54_france_events.txt","events/v54_france_events.txt"
"v54_fra_haussmann_great_plan","country_flag","events/v54_france_events.txt",""
"v54_fra_haussmann_small_plan","country_flag","events/v54_france_events.txt",""
"v54_fra_imperial_triumph_containment","country_flag","events/v54_shared_europe_events.txt",""
"v54_fra_imperial_triumph_dynasty","country_flag","events/v54_shared_europe_events.txt",""
"v54_fra_imperial_triumph_liberal","country_flag","events/v54_shared_europe_events.txt",""
"v54_fra_italy_raised","country_flag","events/v54_france_events.txt",""
"v54_fra_liberal_opening","country_flag","events/v54_shared_europe_events.txt",""
"v54_fra_nationalities","country_flag","common/national_focus/v54_france_1854_shared.txt",""
"v54_fra_peace_party","country_flag","events/v54_france_events.txt",""
"v54_fra_prince_imperial","country_flag","events/v54_france_events.txt","events/v54_france_events.txt"
"v54_fra_protectionist","country_flag","events/v54_france_events.txt",""
"v54_fra_replacement_system","country_flag","common/national_focus/v54_france_1854_shared.txt",""
"v54_fra_rhine_ambition","country_flag","common/national_focus/v54_france_1854_shared.txt",""
"v54_fra_rome_garrison_kept","country_flag","events/v54_france_events.txt",""
"v54_fra_rome_withdrawal_planned","country_flag","events/v54_france_events.txt",""
"v54_fra_russian_understanding","country_flag","common/national_focus/v54_france_1854_shared.txt",""
"v54_fra_saint_arnaud_dead","country_flag","events/v54_france_events.txt","events/v54_france_events.txt"
"v54_fra_stance_mediation","country_flag","events/v54_shared_europe_events.txt","common/national_focus/v54_france_1854_shared.txt"
"v54_fra_stance_neutral","country_flag","events/v54_shared_europe_events.txt","common/national_focus/v54_france_1854_shared.txt"
"v54_fra_stance_russia","country_flag","events/v54_shared_europe_events.txt","common/national_focus/v54_france_1854_shared.txt"
"v54_fra_stance_war","country_flag","events/v54_shared_europe_events.txt","common/national_focus/v54_france_1854_shared.txt"
"v54_fra_suez_private","country_flag","events/v54_france_events.txt",""
"v54_fra_suez_support","country_flag","events/v54_france_events.txt",""
"v54_fra_supports_union","country_flag","events/v54_france_events.txt",""
"v54_fra_union_to_commission","country_flag","events/v54_france_events.txt",""
"v54_fra_universal_service","country_flag","common/national_focus/v54_france_1854_shared.txt",""
"v54_fra_war_party","country_flag","events/v54_france_events.txt",""
"v54_fra_windsor_visit","country_flag","events/v54_france_events.txt","events/v54_france_events.txt"
"v54_france_won_1870","global_flag","common/scripted_effects/v54_scripted_effects.txt","common/scripted_effects/v54_bridge_effects.txt | common/scripted_triggers/v54_scripted_triggers.txt"
"v54_franco_austrian_war_active","global_flag","common/scripted_effects/v54_scripted_effects.txt","common/scripted_effects/v54_bridge_effects.txt | common/scripted_triggers/v54_scripted_triggers.txt"
"v54_franco_austrian_war_ended","global_flag","common/scripted_effects/v54_scripted_effects.txt","common/national_focus/austrian_empire_focus.txt | common/scripted_effects/v54_bridge_effects.txt | common/scripted_triggers/v54_scripted_triggers.txt"
"v54_franco_prussian_war_active","global_flag","common/scripted_effects/v54_scripted_effects.txt","common/scripted_effects/v54_bridge_effects.txt | common/scripted_triggers/v54_scripted_triggers.txt"
"v54_franco_prussian_war_ended","global_flag","common/scripted_effects/v54_scripted_effects.txt","common/scripted_effects/v54_bridge_effects.txt | common/scripted_triggers/v54_scripted_triggers.txt"
"v54_gastein_completed","global_flag","common/scripted_effects/v54_scripted_effects.txt","common/scripted_effects/v54_bridge_effects.txt"
"v54_gbr_adoptions_recognised","country_flag","events/v54_britain_events.txt",""
"v54_gbr_aims_limited","country_flag","events/v54_britain_events.txt",""
"v54_gbr_aims_maximal","country_flag","events/v54_britain_events.txt",""
"v54_gbr_aims_sevastopol","country_flag","events/v54_britain_events.txt",""
"v54_gbr_army_focus_started","country_flag","common/national_focus/v54_britain_1854_shared.txt",""
"v54_gbr_arrow_disavowed","country_flag","events/v54_britain_events.txt",""
"v54_gbr_arrow_war","country_flag","events/v54_britain_events.txt",""
"v54_gbr_baltic_blockade","country_flag","events/v54_britain_events.txt",""
"v54_gbr_belgium_guarantee","country_flag","events/v54_shared_europe_events.txt",""
"v54_gbr_bengal_army_reformed","country_flag","events/v54_britain_events.txt",""
"v54_gbr_bengal_army_studied","country_flag","common/national_focus/v54_britain_1854_shared.txt",""
"v54_gbr_bengal_inquiry","country_flag","common/decisions/v54_britain_1854_decisions.txt","common/decisions/v54_britain_1854_decisions.txt"
"v54_gbr_bessemer","country_flag","events/v54_britain_events.txt",""
"v54_gbr_bomarsund","country_flag","events/v54_britain_events.txt",""
"v54_gbr_cartridge_dismissed","country_flag","events/v54_britain_events.txt",""
"v54_gbr_cartridge_inquiry","country_flag","events/v54_britain_events.txt",""
"v54_gbr_cartridge_withdrawn","country_flag","events/v54_britain_events.txt",""
"v54_gbr_civil_service_reformed","country_flag","events/v54_britain_events.txt",""
"v54_gbr_cover_up","country_flag","events/v54_britain_events.txt",""
"v54_gbr_crimea_army_full","country_flag","events/v54_britain_events.txt",""
"v54_gbr_crimea_army_small","country_flag","events/v54_britain_events.txt",""
"v54_gbr_enfield","country_flag","common/national_focus/v54_britain_1854_shared.txt",""
"v54_gbr_foreign_legions","country_flag","common/decisions/v54_britain_1854_decisions.txt","common/decisions/v54_britain_1854_decisions.txt"
"v54_gbr_franco_prussian_mediation","country_flag","events/v54_shared_europe_events.txt",""
"v54_gbr_franco_prussian_pressure","country_flag","events/v54_shared_europe_events.txt",""
"v54_gbr_german_war_mediation","country_flag","events/v54_shared_europe_events.txt",""
"v54_gbr_german_war_neutral","country_flag","events/v54_shared_europe_events.txt",""
"v54_gbr_gse_act","country_flag","events/v54_britain_events.txt",""
"v54_gbr_gse_exempt","country_flag","events/v54_britain_events.txt",""
"v54_gbr_income_tax_doubled","country_flag","events/v54_britain_events.txt",""
"v54_gbr_inquiry","country_flag","events/v54_britain_events.txt",""
"v54_gbr_ireland_coercion","country_flag","events/v54_britain_events.txt",""
"v54_gbr_ireland_landlords","country_flag","events/v54_britain_events.txt",""
"v54_gbr_kronstadt_bombarded","country_flag","events/v54_britain_events.txt",""
"v54_gbr_kronstadt_repulsed","country_flag","events/v54_britain_events.txt",""
"v54_gbr_lapse_applied","country_flag","events/v54_britain_events.txt",""
"v54_gbr_light_brigade_inquiry","country_flag","events/v54_britain_events.txt",""
"v54_gbr_london_conference","country_flag","events/v54_shared_europe_events.txt",""
"v54_gbr_marriage_deferred","country_flag","events/v54_britain_events.txt",""
"v54_gbr_mutiny_became_rebellion","country_flag","events/v54_britain_events.txt",""
"v54_gbr_mutiny_punished","country_flag","events/v54_britain_events.txt",""
"v54_gbr_mutiny_response_clemency","country_flag","events/v54_britain_events.txt",""
"v54_gbr_mutiny_response_firm","country_flag","events/v54_britain_events.txt",""
"v54_gbr_old_orders","country_flag","events/v54_britain_events.txt",""
"v54_gbr_oudh_annexed","country_flag","events/v54_britain_events.txt",""
"v54_gbr_oudh_residency","country_flag","events/v54_britain_events.txt",""
"v54_gbr_pandey_hanged","country_flag","events/v54_britain_events.txt",""
"v54_gbr_pandey_lenient","country_flag","events/v54_britain_events.txt",""
"v54_gbr_paris_declaration","country_flag","events/v54_britain_events.txt",""
"v54_gbr_paris_reservation","country_flag","events/v54_britain_events.txt",""
"v54_gbr_paris_visit","country_flag","common/decisions/v54_britain_1854_decisions.txt","common/decisions/v54_britain_1854_decisions.txt"
"v54_gbr_patronage_kept","country_flag","events/v54_britain_events.txt",""
"v54_gbr_pegu","country_flag","common/national_focus/v54_britain_1854_shared.txt",""
"v54_gbr_persian_protest","country_flag","events/v54_britain_events.txt",""
"v54_gbr_persian_war","country_flag","events/v54_britain_events.txt",""
"v54_gbr_pm_aberdeen","country_flag","events/v54_britain_events.txt",""
"v54_gbr_pm_palmerston","country_flag","events/v54_britain_events.txt","common/national_focus/v54_britain_1854_shared.txt"
"v54_gbr_pm_russell","country_flag","events/v54_britain_events.txt",""
"v54_gbr_pressure_german_powers","country_flag","events/v54_shared_europe_events.txt",""
"v54_gbr_prussian_marriage","country_flag","events/v54_britain_events.txt",""
"v54_gbr_puddling_lobby","country_flag","events/v54_britain_events.txt",""
"v54_gbr_purchase_abolished","country_flag","common/national_focus/v54_britain_1854_shared.txt",""
"v54_gbr_purchase_kept","country_flag","common/national_focus/v54_britain_1854_shared.txt",""
"v54_gbr_reform_1854_passed","country_flag","events/v54_britain_events.txt",""
"v54_gbr_reform_withdrawn","country_flag","events/v54_britain_events.txt",""
"v54_gbr_rumours_answered","country_flag","events/v54_britain_events.txt",""
"v54_gbr_rumours_ignored","country_flag","events/v54_britain_events.txt",""
"v54_gbr_russian_understanding","country_flag","common/national_focus/v54_britain_1854_shared.txt",""
"v54_gbr_sanitary_reform","country_flag","events/v54_britain_events.txt",""
"v54_gbr_schleswig_neutral","country_flag","events/v54_shared_europe_events.txt",""
"v54_gbr_snow_dismissed","country_flag","events/v54_britain_events.txt",""
"v54_gbr_spithead_review","country_flag","common/decisions/v54_britain_1854_decisions.txt","common/decisions/v54_britain_1854_decisions.txt"
"v54_gbr_stance_mediation","country_flag","events/v54_shared_europe_events.txt","common/national_focus/v54_britain_1854_shared.txt"
"v54_gbr_stance_neutral","country_flag","events/v54_shared_europe_events.txt","common/national_focus/v54_britain_1854_shared.txt"
"v54_gbr_stance_russia","country_flag","events/v54_shared_europe_events.txt","common/national_focus/v54_britain_1854_shared.txt"
"v54_gbr_stance_war","country_flag","events/v54_shared_europe_events.txt","common/decisions/v54_britain_1854_decisions.txt | common/national_focus/v54_britain_1854_shared.txt"
"v54_gbr_tenant_right","country_flag","events/v54_britain_events.txt",""
"v54_gbr_victoria_cross","country_flag","events/v54_britain_events.txt",""
"v54_gbr_war_borrowing","country_flag","events/v54_britain_events.txt",""
"v54_gc_reform_progress","variable","common/decisions/v54_austria_decisions.txt | events/v54_austria_events.txt","common/decisions/v54_austria_decisions.txt"
"v54_german_confederation_dissolved","global_flag","common/scripted_effects/v54_scripted_effects.txt",""
"v54_german_crisis_active","global_flag","common/scripted_effects/v54_scripted_effects.txt",""
"v54_german_empire_proclaimed","global_flag","common/scripted_effects/v54_scripted_effects.txt","common/scripted_effects/v54_bridge_effects.txt | common/scripted_triggers/v54_scripted_triggers.txt"
"v54_german_federal_reform_done","global_flag","events/v54_austria_events.txt",""
"v54_germany_won_1870","global_flag","common/scripted_effects/v54_scripted_effects.txt","common/scripted_effects/v54_bridge_effects.txt"
"v54_india_unrest","variable","common/decisions/v54_britain_1854_decisions.txt | common/national_focus/v54_britain_1854_shared.txt | common/scripted_effects/v54_scripted_effects.txt | events/v54_britain_events.txt","common/decisions/v54_britain_1854_decisions.txt | common/national_focus/v54_britain_1854_shared.txt | events/v54_britain_events.txt"
"v54_italian_crisis_escalating","global_flag","common/scripted_effects/v54_scripted_effects.txt",""
"v54_italian_question_raised","global_flag","events/v54_shared_europe_events.txt",""
"v54_luxembourg_crisis_occurred","global_flag","common/scripted_effects/v54_bridge_effects.txt","common/scripted_effects/v54_bridge_effects.txt"
"v54_mutiny_contained","global_flag","events/v54_britain_events.txt",""
"v54_north_german_confederation_formed","global_flag","common/scripted_effects/v54_scripted_effects.txt","common/scripted_effects/v54_bridge_effects.txt | common/scripted_triggers/v54_scripted_triggers.txt"
"v54_oudh_annexed","global_flag","events/v54_britain_events.txt","common/scripted_effects/v54_india_effects.txt"
"v54_pie_nationalist_agitation","country_flag","events/v54_shared_europe_events.txt",""
"v54_pie_rebuild","country_flag","events/v54_shared_europe_events.txt",""
"v54_pru_a1_done","country_flag","common/national_focus/v54_prussia_1854_shared.txt",""
"v54_pru_accepted_exclusion","country_flag","events/v54_prussia_events.txt",""
"v54_pru_after_1870_consolidate","country_flag","events/v54_shared_europe_events.txt",""
"v54_pru_after_1870_liberal_germany","country_flag","events/v54_shared_europe_events.txt",""
"v54_pru_after_1870_revanche","country_flag","events/v54_shared_europe_events.txt",""
"v54_pru_after_defeat_abandon_hegemony","country_flag","events/v54_shared_europe_events.txt",""
"v54_pru_after_defeat_reconcile","country_flag","events/v54_shared_europe_events.txt",""
"v54_pru_after_defeat_reform","country_flag","events/v54_shared_europe_events.txt",""
"v54_pru_after_defeat_revanche","country_flag","events/v54_shared_europe_events.txt",""
"v54_pru_april_treaty","country_flag","events/v54_prussia_events.txt",""
"v54_pru_april_treaty_declined","country_flag","events/v54_prussia_events.txt",""
"v54_pru_april_treaty_full","country_flag","events/v54_prussia_events.txt",""
"v54_pru_army_focus_started","country_flag","common/national_focus/v54_prussia_1854_shared.txt","common/decisions/v54_prussia_1854_decisions.txt"
"v54_pru_backed_frankfurt","country_flag","events/v54_prussia_events.txt",""
"v54_pru_bismarck_frankfurt_line","country_flag","events/v54_prussia_events.txt",""
"v54_pru_bismarck_restrained","country_flag","events/v54_prussia_events.txt",""
"v54_pru_bonin_dismissed","country_flag","events/v54_prussia_events.txt",""
"v54_pru_bonin_kept","country_flag","events/v54_prussia_events.txt",""
"v54_pru_courted_middle_states","country_flag","events/v54_prussia_events.txt",""
"v54_pru_crimea_decided","country_flag","events/v54_shared_europe_events.txt","events/v54_shared_europe_events.txt"
"v54_pru_crimea_neutral","country_flag","events/v54_shared_europe_events.txt","common/national_focus/v54_prussia_1854_shared.txt"
"v54_pru_crimea_pro_russia","country_flag","events/v54_shared_europe_events.txt","common/national_focus/v54_prussia_1854_shared.txt"
"v54_pru_crimea_pro_west","country_flag","events/v54_shared_europe_events.txt","common/national_focus/v54_prussia_1854_shared.txt"
"v54_pru_denounced_bamberg","country_flag","events/v54_prussia_events.txt",""
"v54_pru_elections_1855","country_flag","events/v54_prussia_events.txt","events/v54_prussia_events.txt"
"v54_pru_english_marriage","country_flag","events/v54_prussia_events.txt","events/v54_prussia_events.txt"
"v54_pru_first_chamber_kept","country_flag","events/v54_prussia_events.txt",""
"v54_pru_gotha_liberals","country_flag","common/national_focus/v54_prussia_1854_shared.txt",""
"v54_pru_herrenhaus","country_flag","events/v54_prussia_events.txt",""
"v54_pru_ignored_bamberg","country_flag","events/v54_prussia_events.txt",""
"v54_pru_kings_government","country_flag","events/v54_prussia_events.txt",""
"v54_pru_landwehr_debate","country_flag","common/national_focus/v54_prussia_1854_shared.txt",""
"v54_pru_left_duchies_to_austria","country_flag","events/v54_prussia_events.txt",""
"v54_pru_middle_state_policy","country_flag","common/national_focus/v54_prussia_1854_shared.txt","common/decisions/v54_prussia_1854_decisions.txt"
"v54_pru_moltke_chief","country_flag","events/v54_prussia_events.txt",""
"v54_pru_neuchatel_abandoned","country_flag","events/v54_prussia_events.txt",""
"v54_pru_neuchatel_demand","country_flag","events/v54_prussia_events.txt",""
"v54_pru_neuchatel_mobilised","country_flag","events/v54_prussia_events.txt",""
"v54_pru_neuchatel_settled","country_flag","events/v54_prussia_events.txt",""
"v54_pru_neuchatel_started","country_flag","events/v54_prussia_events.txt","events/v54_prussia_events.txt"
"v54_pru_neuchatel_war","country_flag","events/v54_prussia_events.txt",""
"v54_pru_offered_mediation","country_flag","events/v54_prussia_events.txt",""
"v54_pru_prince_wilhelm_known","country_flag","common/national_focus/v54_prussia_1854_shared.txt",""
"v54_pru_protested_danish_constitution","country_flag","events/v54_prussia_events.txt",""
"v54_pru_protested_exclusion","country_flag","events/v54_prussia_events.txt",""
"v54_pru_refused_paris","country_flag","events/v54_prussia_events.txt",""
"v54_pru_resisted_frankfurt","country_flag","events/v54_prussia_events.txt",""
"v54_pru_roon_memoranda","country_flag","events/v54_prussia_events.txt",""
"v54_pru_senior_chief","country_flag","events/v54_prussia_events.txt",""
"v54_pru_signed_paris","country_flag","events/v54_prussia_events.txt",""
"v54_pru_wilhelm_deputy","country_flag","events/v54_prussia_events.txt",""
"v54_prussia_won_1866","global_flag","common/scripted_effects/v54_scripted_effects.txt","common/scripted_effects/v54_bridge_effects.txt | common/scripted_triggers/v54_scripted_triggers.txt"
"v54_scenario_1854","global_flag","common/scripted_effects/v54_scripted_effects.txt","common/decisions/categories/v54_decision_categories.txt | common/scripted_triggers/v54_scripted_triggers.txt"
"v54_schleswig_crisis_active","global_flag","common/scripted_effects/v54_scripted_effects.txt",""
"v54_second_empire_collapsed","global_flag","common/scripted_effects/v54_scripted_effects.txt","common/scripted_triggers/v54_scripted_triggers.txt"
"v54_sepoy_rebellion_started","global_flag","common/scripted_effects/v54_india_effects.txt","common/decisions/v54_britain_1854_decisions.txt | common/national_focus/britain_1857_focus.txt"
"v54_spanish_succession_active","global_flag","common/scripted_effects/v54_scripted_effects.txt",""
"v54_third_republic_established","global_flag","common/scripted_effects/v54_scripted_effects.txt","common/scripted_triggers/v54_scripted_triggers.txt"
"v54_treaty_of_paris","global_flag","common/scripted_effects/v54_scripted_effects.txt",""
