"file","line","trigger","op","date","text"
"common/achievements/eoanb_achievements.txt","7","has_start_date","<","1857.5.12","has_start_date < 1857.5.12"
"common/achievements/eoanb_achievements.txt","13","date","<","1863.1.1","date < 1863.1.1"
"common/achievements/eoanb_achievements.txt","21","has_start_date","<","1857.5.12","has_start_date < 1857.5.12"
"common/achievements/eoanb_achievements.txt","26","date","<","1863.1.1","date < 1863.1.1"
"common/achievements/eoanb_achievements.txt","34","has_start_date","<","1857.5.12","has_start_date < 1857.5.12"
"common/achievements/eoanb_achievements.txt","55","has_start_date","<","1857.5.12","has_start_date < 1857.5.12"
"common/achievements/eoanb_achievements.txt","69","has_start_date","<","1857.5.12","has_start_date < 1857.5.12"
"common/achievements/eoanb_achievements.txt","89","has_start_date","<","1857.5.12","has_start_date < 1857.5.12"
"common/achievements/eoanb_achievements.txt","98","has_start_date","<","1857.5.12","has_start_date < 1857.5.12"
"common/achievements/eoanb_achievements.txt","112","has_start_date","<","1857.5.12","has_start_date < 1857.5.12"
"common/achievements/eoanb_achievements.txt","123","date","<","1860.1.1","date < 1860.1.1"
"common/achievements/eoanb_achievements.txt","129","has_start_date","<","1857.5.12","has_start_date < 1857.5.12"
"common/achievements/eoanb_achievements.txt","138","has_start_date","<","1857.5.12","has_start_date < 1857.5.12"
"common/achievements/eoanb_achievements.txt","144","date","<","1860.1.1","date < 1860.1.1"
"common/achievements/eoanb_achievements.txt","150","has_start_date","<","1857.5.12","has_start_date < 1857.5.12"
"common/achievements/eoanb_achievements.txt","159","has_start_date","<","1857.5.12","has_start_date < 1857.5.12"
"common/achievements/eoanb_achievements.txt","168","has_start_date","<","1857.5.12","has_start_date < 1857.5.12"
"common/achievements/eoanb_achievements.txt","183","has_start_date","<","1857.5.12","has_start_date < 1857.5.12"
"common/achievements/eoanb_achievements.txt","195","has_start_date","<","1857.5.12","has_start_date < 1857.5.12"
"common/achievements/eoanb_achievements.txt","215","has_start_date","<","1857.5.12","has_start_date < 1857.5.12"
"common/achievements/eoanb_achievements.txt","227","has_start_date","<","1857.5.12","has_start_date < 1857.5.12"
"common/achievements/eoanb_achievements.txt","236","has_start_date","<","1857.5.12","has_start_date < 1857.5.12"
"common/achievements/eoanb_achievements.txt","245","has_start_date","<","1857.5.12","has_start_date < 1857.5.12"
"common/achievements/eoanb_achievements.txt","254","has_start_date","<","1857.5.12","has_start_date < 1857.5.12"
"common/achievements/eoanb_achievements.txt","263","has_start_date","<","1857.5.12","has_start_date < 1857.5.12"
"common/achievements/eoanb_achievements.txt","272","has_start_date","<","1857.5.12","has_start_date < 1857.5.12"
"common/achievements/eoanb_achievements.txt","281","has_start_date","<","1857.5.12","has_start_date < 1857.5.12"
"common/achievements/eoanb_achievements.txt","290","has_start_date","<","1857.5.12","has_start_date < 1857.5.12"
"common/achievements/eoanb_achievements.txt","302","has_start_date","<","1857.5.12","has_start_date < 1857.5.12"
"common/achievements/eoanb_achievements.txt","313","has_start_date","<","1857.5.12","has_start_date < 1857.5.12"
"common/achievements/eoanb_achievements.txt","318","date","<","1857.12.25","date < 1857.12.25"
"common/ai_strategy/CBI.txt","8","date",">","1862.1.1","date > 1862.1.1"
"common/ai_strategy/NSC.txt","8","date",">","1862.1.1","date > 1862.1.1"
"common/ai_strategy/PIE.txt","4","date","<","1860.1.1","date < 1860.1.1"
"common/ai_strategy_plans/PIE_alternate_strategy_plan.txt","4","date","<","1862.1.1","date < 1862.1.1"
"common/ai_strategy_plans/PIE_historical_strategy_plan.txt","4","date","<","1862.1.1","date < 1862.1.1"
"common/bookmarks/1857-5-11.txt","5","date","=","1857.5.11","date = 1857.5.11"
"common/characters/BRA_characters.txt","1068","date","<","1860.9.18","visible = { date < 1860.9.18 }"
"common/characters/BRA_characters.txt","1069","date","<","1860.9.18","available = { date < 1860.9.18 }"
"common/characters/BRA_characters.txt","1130","date","<","1863.12.28","visible = { date < 1863.12.28 }"
"common/characters/BRA_characters.txt","1131","date","<","1863.12.28","available = { date < 1863.12.28 }"
"common/characters/BRA_characters.txt","1149","date","<","1864.6.21","visible = { date < 1864.6.21 }"
"common/characters/BRA_characters.txt","1150","date","<","1864.6.21","available = { date < 1864.6.21 }"
"common/characters/BRA_characters.txt","1186","date","<","1860.01.16","visible = { date < 1860.01.16 }"
"common/characters/BRA_characters.txt","1187","date","<","1860.01.16","available = { date < 1860.01.16 }"
"common/characters/BRA_characters.txt","1253","date","<","1868.5.7","visible = { date < 1868.5.7 }"
"common/characters/BRA_characters.txt","1255","date","<","1868.5.7","date < 1868.5.7"
"common/characters/BRA_characters.txt","1284","date","<","1866.6.15","visible = { date < 1866.6.15 }"
"common/characters/BRA_characters.txt","1286","date","<","1866.6.15","date < 1866.6.15"
"common/characters/BRA_characters.txt","1416","date","<","1867.6.1","visible = { date < 1867.6.1 }"
"common/characters/BRA_characters.txt","1417","date","<","1867.6.1","available = { date < 1867.6.1 }"
"common/characters/BRA_characters.txt","1537","date","<","1866.8.16","visible = { date < 1866.8.16 }"
"common/characters/BRA_characters.txt","1538","date","<","1866.8.16","available = { date < 1866.8.16 }"
"common/characters/ENG_characters.txt","320","date","<","1866.6.26","date < 1866.6.26"
"common/characters/ENG_characters.txt","477","date","<","1861.11.30","visible = { date < 1861.11.30 }"
"common/characters/ENG_characters.txt","513","date",">","1861.4.19","AND = { date > 1861.4.19 }"
"common/characters/ENG_characters.txt","536","date","<","1861.4.19","visible = { date < 1861.4.19 }"
"common/characters/FRA_characters.txt","1527","date","<","1862.12.01","visible = { date < 1862.12.01 }"
"common/characters/PRS_characters.txt","1505","date",">","1867.10.31","visible = { date > 1867.10.31 }"
"common/characters/PRS_characters.txt","1518","date",">","1867.10.31","visible = { date > 1867.10.31 }"
"common/characters/SER_characters.txt","419","date",">","1861.1.1","available = { date > 1861.1.1 }"
"common/characters/SER_characters.txt","459","date","<","1863.1.1","visible = { date < 1863.1.1 }"
"common/characters/SER_characters.txt","532","date",">","1868.1.1","AND = { date > 1868.1.1 }"
"common/decisions/categories/_eoanb_decision_categories.txt","1181","date",">","1867.2.1","date > 1867.2.1"
"common/decisions/categories/_eoanb_decision_categories.txt","2766","date",">","1866.1.1","date > 1866.1.1"
"common/decisions/_EOANBSYS_institutions.txt","177","date",">","1850.1.1","date > 1850.1.1"
"common/decisions/_EOANBSYS_institutions.txt","185","date",">","1860.1.1","date > 1860.1.1"
"common/decisions/_generic_decisions.txt","464","date",">","1860.1.1","date > 1860.1.1"
"common/decisions/ARG_decisions.txt","59","date",">","1862.1.1","available = { date > 1862.1.1 }"
"common/decisions/AUS_decisions.txt","9426","date",">","1863.9.1","date > 1863.9.1"
"common/decisions/AUS_decisions.txt","9469","date",">","1863.9.1","date > 1863.9.1"
"common/decisions/BEL_decisions.txt","57","date","<","1866.8.1","date < 1866.8.1"
"common/decisions/BOS_HRZ_decisions.txt","123","date","<","1859.12.31","date < 1859.12.31  # date the war should last until, will repeat if less than"
"common/decisions/BOS_HRZ_decisions.txt","129","date",">","1859.12.31","date > 1859.12.31  # date to end the war, will fire the peace"
"common/decisions/BRA_decisions.txt","46","date",">","1858.7.3","date > 1858.7.3"
"common/decisions/BRA_decisions.txt","642","date",">","1861.1.12","date > 1861.1.12"
"common/decisions/BRA_decisions.txt","643","date","<","1864.1.1","date < 1864.1.1"
"common/decisions/BRA_decisions.txt","649","date",">","1861.1.12","date > 1861.1.12"
"common/decisions/BRA_decisions.txt","669","date",">","1862.7.11","date > 1862.7.11"
"common/decisions/ENG_decisions.txt","1418","date","<","1862.6.1","date < 1862.6.1"
"common/decisions/ENG_decisions.txt","1458","date","<","1863.6.1","date < 1863.6.1"
"common/decisions/ENG_decisions.txt","2427","date","<","1859.1.1","date < 1859.1.1"
"common/decisions/ENG_decisions.txt","2487","date","<","1859.1.1","date < 1859.1.1"
"common/decisions/ENG_decisions.txt","2548","date","<","1860.1.1","date < 1860.1.1"
"common/decisions/ENG_decisions.txt","2608","date","<","1860.1.1","date < 1860.1.1"
"common/decisions/ENG_decisions.txt","2621","date",">","1859.6.1","available = { date > 1859.6.1 }"
"common/decisions/ENG_decisions.txt","2641","date",">","1860.6.1","available = { date > 1860.6.1 }"
"common/decisions/ENG_decisions.txt","2661","date",">","1861.8.21","available = { date > 1861.8.21 }"
"common/decisions/ENG_decisions.txt","2700","date",">","1865.9.13","date > 1865.9.13"
"common/decisions/ENG_decisions.txt","2723","date",">","1865.4.13","available = { date > 1865.4.13 }"
"common/decisions/ENG_decisions.txt","2742","date",">","1860.1.1","available = { date > 1860.1.1 }"
"common/decisions/ENG_decisions.txt","2746","date","<","1869.1.1","date < 1869.1.1"
"common/decisions/ENG_decisions.txt","5289","date",">","1861.1.1","date > 1861.1.1"
"common/decisions/ENG_decisions.txt","5296","date",">","1861.1.1","date > 1861.1.1"
"common/decisions/Expedition_Cochinchina_decisions.txt","232","date",">","1859.1.1","date > 1859.1.1"
"common/decisions/FRA_decisions.txt","6024","date",">","1863.12.23","date > 1863.12.23"
"common/decisions/FRA_decisions.txt","6062","date",">","1868.5.23","date > 1868.5.23"
"common/decisions/FRA_decisions.txt","6086","date",">","1867.6.30","date > 1867.6.30"
"common/decisions/FRA_decisions.txt","6110","date",">","1868.3.30","date > 1868.3.30"
"common/decisions/FRA_decisions.txt","6308","date",">","1857.10.1","date > 1857.10.1"
"common/decisions/FRA_decisions.txt","6345","date",">","1857.10.1","date > 1857.10.1"
"common/decisions/GEC_decisions.txt","2937","date",">","1859.6.1","available = { date > 1859.6.1 }"
"common/decisions/GEC_decisions.txt","3261","date",">","1862.11.1","visible = { date > 1862.11.1 }"
"common/decisions/GEC_decisions.txt","3289","date",">","1861.8.1","visible = { date > 1861.8.1 }"
"common/decisions/GER_decisions.txt","1430","date",">","1865.1.1","available = { date > 1865.1.1 }"
"common/decisions/GER_decisions.txt","1486","date",">","1865.1.1","available = { date > 1865.1.1 }"
"common/decisions/GRE_decisions.txt","155","date",">","1869.7.1","date > 1869.7.1"
"common/decisions/GRE_decisions.txt","505","date",">","1866.10.1","date > 1866.10.1"
"common/decisions/Great_Game_decisions.txt","303","date",">","1864.1.1","date > 1864.1.1"
"common/decisions/Great_Game_decisions.txt","1406","date",">","1867.1.1","date > 1867.1.1"
"common/decisions/Great_Game_decisions.txt","1504","date",">","1858.1.1","date > 1858.1.1"
"common/decisions/Great_Game_decisions.txt","2550","date",">","1863.6.1","available = { date > 1863.6.1 }"
"common/decisions/Great_Game_decisions.txt","4612","date",">","1869.1.1","visible = { date > 1869.1.1 }"
"common/decisions/ITA_decisions.txt","43","date",">","1858.1.1","available = { date > 1858.1.1 }"
"common/decisions/ITA_decisions.txt","1668","date","<","1861.1.1","date < 1861.1.1"
"common/decisions/ITA_decisions.txt","1673","date",">","1860.12.31","limit = { date > 1860.12.31 }"
"common/decisions/ITA_decisions.txt","1761","date","<","1861.1.1","date < 1861.1.1"
"common/decisions/ITA_decisions.txt","1766","date",">","1860.12.31","limit = { date > 1860.12.31 }"
"common/decisions/ITA_decisions.txt","1853","date","<","1864.12.1","date < 1864.12.1"
"common/decisions/ITA_decisions.txt","1858","date",">","1864.12.1","limit = { date > 1864.12.1 }"
"common/decisions/ITA_decisions.txt","1937","date","<","1861.1.1","date < 1861.1.1"
"common/decisions/ITA_decisions.txt","1942","date",">","1860.12.31","limit = { date > 1860.12.31 }"
"common/decisions/ITA_decisions.txt","2061","date","<","1862.1.1","limit = { date < 1862.1.1 }"
"common/decisions/ITA_decisions.txt","2065","date",">","1861.12.31","limit = { date > 1861.12.31 }"
"common/decisions/ITA_decisions.txt","2185","date","<","1862.1.1","date < 1862.1.1"
"common/decisions/ITA_decisions.txt","2190","date",">","1861.12.31","limit = { date > 1861.12.31 }"
"common/decisions/ITA_decisions.txt","3937","date",">","1858.1.1","available = { date > 1858.1.1 }"
"common/decisions/ITA_decisions.txt","3956","date",">","1862.1.1","date > 1862.1.1"
"common/decisions/ITA_decisions.txt","4018","date",">","1864.1.1","available = { date > 1864.1.1 }"
"common/decisions/ITA_decisions.txt","4519","date",">","1857.1.1","date > 1857.1.1"
"common/decisions/ITA_decisions.txt","4520","date","<","1857.12.31","date < 1857.12.31"
"common/decisions/ITA_decisions.txt","4528","date",">","1858.1.1","date > 1858.1.1"
"common/decisions/ITA_decisions.txt","4529","date","<","1858.12.31","date < 1858.12.31"
"common/decisions/KOR_decisions.txt","107","date",">","1868.1.1","limit = { date > 1868.1.1 } # Optional Trigger in case war lasting too long"
"common/decisions/MNT_decisions.txt","198","date",">","1863.1.1","date > 1863.1.1"
"common/decisions/MNT_decisions.txt","228","date",">","1867.5.1","date > 1867.5.1"
"common/decisions/OTO_decisions.txt","2655","date",">","1861.12.23","date > 1861.12.23"
"common/decisions/PAP_decisions.txt","741","date",">","1866.09.08","date > 1866.09.08"
"common/decisions/POR_decisions.txt","761","date",">","1864.5.1","date > 1864.5.1"
"common/decisions/PRS_decisions.txt","21","date","<","1863.7.1","date < 1863.7.1"
"common/decisions/PRS_decisions.txt","70","date","<","1863.7.1","date < 1863.7.1"
"common/decisions/PRS_decisions.txt","217","date",">","1869.1.1","date > 1869.1.1"
"common/decisions/PRS_decisions.txt","263","date",">","1869.1.1","date > 1869.1.1"
"common/decisions/PRS_decisions.txt","309","date",">","1869.1.1","date > 1869.1.1"
"common/decisions/PRS_decisions.txt","354","date",">","1869.1.1","date > 1869.1.1"
"common/decisions/PRS_decisions.txt","399","date",">","1869.1.1","date > 1869.1.1"
"common/decisions/PRS_decisions.txt","443","date",">","1869.1.1","date > 1869.1.1"
"common/decisions/PRS_decisions.txt","487","date",">","1869.1.1","date > 1869.1.1"
"common/decisions/PRS_decisions.txt","531","date",">","1869.1.1","date > 1869.1.1"
"common/decisions/PRS_decisions.txt","575","date",">","1869.1.1","date > 1869.1.1"
"common/decisions/PRS_decisions.txt","619","date",">","1869.1.1","date > 1869.1.1"
"common/decisions/PRS_decisions.txt","663","date",">","1869.1.1","date > 1869.1.1"
"common/decisions/PRS_decisions.txt","707","date",">","1869.1.1","date > 1869.1.1"
"common/decisions/PRS_decisions.txt","751","date",">","1869.1.1","date > 1869.1.1"
"common/decisions/PRS_decisions.txt","1168","date",">","1868.1.1","date > 1868.1.1"
"common/decisions/PRS_decisions.txt","5837","date",">","1859.6.1","date > 1859.6.1"
"common/decisions/PRS_decisions.txt","6332","date",">","1861.1.1","date > 1861.1.1"
"common/decisions/PRS_decisions.txt","6333","date","<","1864.1.1","date < 1864.1.1"
"common/decisions/PRS_decisions.txt","6409","date",">","1864.1.1","date > 1864.1.1"
"common/decisions/PRS_decisions.txt","6410","date","<","1867.1.1","date < 1867.1.1"
"common/decisions/PRS_decisions.txt","6486","date",">","1863.1.1","date > 1863.1.1"
"common/decisions/PRS_decisions.txt","6487","date","<","1866.1.1","date < 1866.1.1"
"common/decisions/PRS_decisions.txt","6563","date",">","1866.1.1","date > 1866.1.1"
"common/decisions/PRS_decisions.txt","6800","date",">","1867.1.1","date > 1867.1.1"
"common/decisions/PRS_decisions.txt","8298","date",">","1865.1.1","date > 1865.1.1"
"common/decisions/PRS_decisions.txt","8460","date",">","1865.1.1","date > 1865.1.1"
"common/decisions/PRS_decisions.txt","8500","date",">","1865.1.1","date > 1865.1.1"
"common/decisions/PRS_decisions.txt","8547","date",">","1865.1.1","date > 1865.1.1"
"common/decisions/PRS_decisions.txt","8591","date",">","1865.1.1","date > 1865.1.1"
"common/decisions/PRS_decisions.txt","8693","date",">","1866.1.1","visible = { date > 1866.1.1 }"
"common/decisions/PRS_decisions.txt","8726","date",">","1866.3.1","date > 1866.3.1"
"common/decisions/PRS_decisions.txt","8761","date",">","1866.4.1","date > 1866.4.1"
"common/decisions/RAJ_decisions.txt","104","date","<","1865.6.14","date < 1865.6.14"
"common/decisions/RAJ_decisions.txt","208","date","<","1866.9.22","date < 1866.9.22"
"common/decisions/RAJ_decisions.txt","213","date","<","1869.9.22","date < 1869.9.22"
"common/decisions/RAJ_decisions.txt","310","date","<","1860.1.17","date < 1860.1.17"
"common/decisions/RAJ_decisions.txt","315","date","<","1865.1.17","date < 1865.1.17"
"common/decisions/RAJ_decisions.txt","412","date","<","1860.11.2","date < 1860.11.2"
"common/decisions/RAJ_decisions.txt","417","date","<","1864.11.2","date < 1864.11.2"
"common/decisions/RAJ_decisions.txt","513","date","<","1862.3.24","date < 1862.3.24"
"common/decisions/RAJ_decisions.txt","518","date","<","1865.3.24","date < 1865.3.24"
"common/decisions/RAJ_decisions.txt","615","date","<","1863.10.5","date < 1863.10.5"
"common/decisions/RAJ_decisions.txt","620","date","<","1868.10.5","date < 1868.10.5"
"common/decisions/RAJ_decisions.txt","717","date","<","1858.3.3","date < 1858.3.3"
"common/decisions/RAJ_decisions.txt","722","date","<","1862.3.3","date < 1862.3.3"
"common/decisions/RAJ_decisions.txt","819","date","<","1865.6.14","date < 1865.6.14"
"common/decisions/RAJ_decisions.txt","921","date","<","1865.6.14","date < 1865.6.14"
"common/decisions/RAJ_decisions.txt","1023","date","<","1865.6.14","date < 1865.6.14"
"common/decisions/RAJ_decisions.txt","1125","date","<","1865.6.14","date < 1865.6.14"
"common/decisions/RAJ_decisions.txt","1227","date","<","1865.6.14","date < 1865.6.14"
"common/decisions/RAJ_decisions.txt","1329","date","<","1865.6.14","date < 1865.6.14"
"common/decisions/RAJ_decisions.txt","1431","date","<","1865.6.14","date < 1865.6.14"
"common/decisions/RAJ_decisions.txt","1533","date","<","1865.6.14","date < 1865.6.14"
"common/decisions/RAJ_decisions.txt","2032","date","<","1858.3.3","date < 1858.3.3"
"common/decisions/RAJ_decisions.txt","2102","date","<","1858.3.3","date < 1858.3.3"
"common/decisions/RAJ_decisions.txt","2172","date","<","1858.3.3","date < 1858.3.3"
"common/decisions/RAJ_decisions.txt","2242","date","<","1858.3.3","date < 1858.3.3"
"common/decisions/RAJ_decisions.txt","2312","date","<","1858.3.3","date < 1858.3.3"
"common/decisions/RAJ_decisions.txt","2382","date","<","1858.3.3","date < 1858.3.3"
"common/decisions/RAJ_decisions.txt","2452","date","<","1858.3.3","date < 1858.3.3"
"common/decisions/RAJ_decisions.txt","2522","date","<","1858.3.3","date < 1858.3.3"
"common/decisions/RAJ_decisions.txt","2592","date","<","1858.3.3","date < 1858.3.3"
"common/decisions/RAJ_decisions.txt","2662","date","<","1858.3.3","date < 1858.3.3"
"common/decisions/RAJ_decisions.txt","2732","date","<","1858.3.3","date < 1858.3.3"
"common/decisions/RAJ_decisions.txt","2802","date","<","1858.3.3","date < 1858.3.3"
"common/decisions/RAJ_decisions.txt","2872","date","<","1858.3.3","date < 1858.3.3"
"common/decisions/RAJ_decisions.txt","2942","date","<","1858.3.3","date < 1858.3.3"
"common/decisions/RAJ_decisions.txt","3012","date","<","1858.3.3","date < 1858.3.3"
"common/decisions/RUS_decisions.txt","13","date",">","1865.6.1","date > 1865.6.1"
"common/decisions/RUS_decisions.txt","80","date",">","1865.6.1","date > 1865.6.1"
"common/decisions/RUS_decisions.txt","3325","date",">","1860.1.1","date > 1860.1.1"
"common/decisions/RUS_decisions.txt","3585","date","<","1862.01.01","date < 1862.01.01"
"common/decisions/RUS_decisions.txt","4459","date",">","1860.1.1","date > 1860.1.1"
"common/decisions/RUS_decisions.txt","4460","date","<","1862.1.1","date < 1862.1.1"
"common/decisions/RUS_decisions.txt","4465","date","<","1862.1.1","date < 1862.1.1"
"common/decisions/RUS_decisions.txt","4499","date",">","1861.1.1","date > 1861.1.1"
"common/decisions/RUS_decisions.txt","4520","date","<","1861.3.12","date < 1861.3.12"
"common/decisions/RUS_decisions.txt","4537","date",">","1861.5.1","date > 1861.5.1"
"common/decisions/RUS_decisions.txt","4558","date","<","1861.5.12","date < 1861.5.12"
"common/decisions/RUS_decisions.txt","5025","date",">","1863.1.1","date > 1863.1.1"
"common/decisions/RUS_decisions.txt","5063","date","<","1863.1.1","date < 1863.1.1"
"common/decisions/RUS_decisions.txt","5347","date",">","1859.1.1","available = { date > 1859.1.1 }"
"common/decisions/RUS_decisions.txt","5389","date",">","1865.1.1","date > 1865.1.1"
"common/decisions/RUS_decisions.txt","5997","date",">","1863.05.01","date > 1863.05.01"
"common/decisions/RUS_decisions.txt","6133","date",">","1861.05.01","date > 1861.05.01"
"common/decisions/RUS_decisions.txt","13465","date",">","1867.1.1","date > 1867.1.1"
"common/decisions/RUS_decisions.txt","13580","date",">","1866.1.1","available = { date > 1866.1.1 }"
"common/decisions/RUS_decisions.txt","13648","date",">","1868.1.1","available = { date > 1868.1.1 }"
"common/decisions/SAX_decisions.txt","308","date",">","1864.4.1","date > 1864.4.1"
"common/decisions/SAX_decisions.txt","2354","date",">","1860.8.1","date > 1860.8.1"
"common/decisions/Second_Opium_War_decisions.txt","210","date","<","1857.12.26","date < 1857.12.26"
"common/decisions/South_American_Wars_decisions.txt","138","date","<","1858.1.1","date < 1858.1.1"
"common/decisions/SPR_decisions.txt","572","date",">","1861.1.1","date > 1861.1.1"
"common/decisions/SPR_decisions.txt","578","date",">","1861.1.1","date > 1861.1.1"
"common/decisions/SPR_decisions.txt","582","date",">","1861.1.1","date > 1861.1.1"
"common/decisions/SPR_decisions.txt","2910","date",">","1864.8.3","available = { date > 1864.8.3 }"
"common/decisions/SPR_decisions.txt","2930","date",">","1864.6.30","date > 1864.6.30"
"common/decisions/SWE_decisions.txt","241","date",">","1860.1.1","visible = { date > 1860.1.1 }"
"common/decisions/USA_American_Civil_War_decisions.txt","298","date",">","1862.7.1","date > 1862.7.1"
"common/decisions/USA_American_Civil_War_decisions.txt","378","date",">","1862.7.1","date > 1862.7.1"
"common/decisions/USA_American_Civil_War_decisions.txt","449","date",">","1862.1.1","date > 1862.1.1"
"common/decisions/USA_American_Civil_War_decisions.txt","518","date",">","1862.1.1","date > 1862.1.1"
"common/ideas/greece_ideas.txt","178","date",">","1869.12.31","cancel = { date > 1869.12.31 }"
"common/ideas/greece_ideas.txt","191","date",">","1869.12.31","cancel = { date > 1869.12.31 }"
"common/ideas/mexican_empire_ideas.txt","373","date","<","1867.07.15","date < 1867.07.15"
"common/ideas/mexican_empire_ideas.txt","376","date","<","1867.07.15","available = { date < 1867.07.15 }"
"common/ideas/ottoman_ideas.txt","1370","date",">","1858.01.07","date > 1858.01.07"
"common/ideas/tunisia_ideas.txt","392","date","<","1861.11.5","available = { date < 1861.11.5 }"
"common/ideas/tunisia_ideas.txt","393","date","<","1861.11.5","visible = { date < 1861.11.5 }"
"common/ideas/tunisia_ideas.txt","404","date","<","1861.09.17","visible = { date < 1861.09.17 }"
"common/ideas/tunisia_ideas.txt","413","date","<","1857.01.01","visible = { date < 1857.01.01 }"
"common/ideas/usa_ideas.txt","10","date",">","1861.12.1","cancel = { date > 1861.12.1 }"
"common/national_focus/alyaska_focus.txt","203","date",">","1859.06.22","available = { date > 1859.06.22 }"
"common/national_focus/alyaska_focus.txt","266","date",">","1863.12.02","available = { date > 1863.12.02 }"
"common/national_focus/argentina_civil_war_focus.txt","8","date","<","1861.1.1","date < 1861.1.1"
"common/national_focus/argentina_focus.txt","10","date",">","1861.1.1","date > 1861.1.1"
"common/national_focus/austrian_empire_focus.txt","1734","date",">","1860.1.1","date > 1860.1.1"
"common/national_focus/austrian_empire_focus.txt","1773","date",">","1860.1.1","date > 1860.1.1"
"common/national_focus/baden_focus.txt","1371","date",">","1859.1.1","available = { date > 1859.1.1 }"
"common/national_focus/brazil_focus.txt","3173","date",">","1863.04.18","date > 1863.04.18	#1863.10.10"
"common/national_focus/brazil_focus.txt","3194","date",">","1864.05.05","date > 1864.05.05"
"common/national_focus/brazil_focus.txt","3215","date",">","1864.05.11","date > 1864.05.11"
"common/national_focus/brazil_focus.txt","3275","date",">","1864.05.17","date > 1864.05.17"
"common/national_focus/brazil_focus.txt","3306","date",">","1864.06.30","date > 1864.06.30"
"common/national_focus/brazil_focus.txt","3333","date",">","1864.7.29","date > 1864.7.29"
"common/national_focus/brazil_focus.txt","3359","date",">","1864.8.2","date > 1864.8.2"
"common/national_focus/brazil_focus.txt","3377","date",">","1864.7.29","date > 1864.7.29"
"common/national_focus/brazil_focus.txt","3406","date",">","1864.8.9","date > 1864.8.9"
"common/national_focus/brazil_focus.txt","3430","date",">","1864.8.2","date > 1864.8.2"
"common/national_focus/brazil_focus.txt","3473","date",">","1864.8.9","date > 1864.8.9"
"common/national_focus/britain_1857_focus.txt","4924","date",">","1857.1.1","bypass = { date > 1857.1.1 }"
"common/national_focus/britain_1857_focus.txt","4942","date",">","1858.2.1","date > 1858.2.1"
"common/national_focus/britain_1857_focus.txt","5076","date",">","1859.4.30","date > 1859.4.30"
"common/national_focus/britain_1857_focus.txt","5467","date",">","1865.4.30","AND = { date > 1865.4.30 }"
"common/national_focus/britain_1857_focus.txt","5765","date",">","1868.4.30","available = { date > 1868.4.30 }"
"common/national_focus/buenos_aires_focus.txt","8","date","<","1861.1.1","date < 1861.1.1"
"common/national_focus/canada_focus.txt","698","date",">","1862.01.01","available = { date > 1862.01.01 }"
"common/national_focus/canada_focus.txt","803","date",">","1864.01.01","date > 1864.01.01"
"common/national_focus/china_victorious_revolt_imperial_focus.txt","719","date","<","1869.1.1","date < 1869.1.1"
"common/national_focus/denmark_focus.txt","103","date",">","1861.1.1","available = { date > 1861.1.1 }"
"common/national_focus/denmark_focus.txt","124","date",">","1867.1.1","available = { date > 1867.1.1 }"
"common/national_focus/denmark_focus.txt","915","date",">","1857.10.1","date > 1857.10.1"
"common/national_focus/denmark_focus.txt","1964","date",">","1859.8.1","date > 1859.8.1"
"common/national_focus/denmark_focus.txt","2911","date",">","1865.1.1","date > 1865.1.1 #swap for after SSW"
"common/national_focus/denmark_focus.txt","3525","date",">","1865.2.1","available = { date > 1865.2.1 }"
"common/national_focus/denmark_focus.txt","3821","date",">","1865.2.1","available = { date > 1865.2.1 }"
"common/national_focus/denmark_focus.txt","4111","date",">","1865.2.1","available = { date > 1865.2.1 }"
"common/national_focus/denmark_focus.txt","4348","date",">","1865.1.1","date > 1865.1.1"
"common/national_focus/denmark_focus.txt","4469","date",">","1865.1.1","date > 1865.1.1"
"common/national_focus/egypt_ottoman_subject_focus.txt","963","date",">","1867.1.1","available = { date > 1867.1.1 }"
"common/national_focus/egypt_ottoman_subject_focus.txt","1007","date",">","1864.1.1","available = { date > 1864.1.1 }"
"common/national_focus/egypt_ottoman_subject_focus.txt","1042","date",">","1867.1.1","available = { date > 1867.1.1 }"
"common/national_focus/ethiopia_focus.txt","1153","date",">","1865.1.1","date > 1865.1.1"
"common/national_focus/ethiopia_focus.txt","2046","date",">","1860.01.01","date > 1860.01.01"
"common/national_focus/ethiopia_focus.txt","2047","date","<","1865.01.01","date < 1865.01.01"
"common/national_focus/ethiopia_focus.txt","2215","date",">","1868.1.1","date > 1868.1.1"
"common/national_focus/finland_focus.txt","60","date",">","1863.9.18","available = { date > 1863.9.18 }"
"common/national_focus/finland_focus.txt","309","date",">","1867.1.1","available = { date > 1867.1.1 }"
"common/national_focus/greece_focus.txt","103","date",">","1864.1.1","available = { NOT = { owns_state = 809 } date > 1864.1.1 }"
"common/national_focus/greece_focus.txt","486","date",">","1866.1.1","date > 1866.1.1"
"common/national_focus/hamburg_focus.txt","497","date",">","1859.6.30","date > 1859.6.30"
"common/national_focus/hawaii_focus.txt","8","date","<","1864.1.1","date < 1864.1.1"
"common/national_focus/italy_focus.txt","926","date",">","1862.1.1","date > 1862.1.1"
"common/national_focus/jap_vic_choshu_ft.txt","806","date",">","1858.1.1","available = {date>1858.1.1}"
"common/national_focus/jap_vic_shogunate.txt","223","date",">","1859.1.1","available = { date > 1859.1.1 }"
"common/national_focus/jap_vic_shogunate.txt","686","date",">","1860.1.1","date > 1860.1.1"
"common/national_focus/jap_vic_shogunate.txt","967","date",">","1860.1.1","date > 1860.1.1"
"common/national_focus/jap_vic_shogunate.txt","1949","date",">","1862.3.1","available = { date > 1862.3.1 }"
"common/national_focus/jap_vic_shogunate.txt","1986","date",">","1865.6.1","available = { date > 1865.6.1 }"
"common/national_focus/jap_vic_shogunate.txt","2225","date",">","1865.6.1","date > 1865.6.1"
"common/national_focus/jap_vic_shogunate.txt","2431","date",">","1859.3.1","available = { date > 1859.3.1 }"
"common/national_focus/jap_vic_shogunate.txt","2493","date",">","1860.7.1","available = { date > 1860.7.1 }"
"common/national_focus/jap_vic_shogunate.txt","2602","date",">","1859.1.1","available = { date > 1859.1.1 }"
"common/national_focus/jap_vic_shogunate.txt","2639","date",">","1859.1.1","available = { date > 1859.1.1 }"
"common/national_focus/jap_vic_shogunate.txt","2861","date",">","1860.1.1","available = { date > 1860.1.1 }"
"common/national_focus/jap_vic_shogunate.txt","2896","date",">","1862.3.1","available = { date > 1862.3.1 }"
"common/national_focus/jap_vic_shogunate.txt","2921","date",">","1865.1.1","available = { date > 1865.1.1 }"
"common/national_focus/jap_vic_shogunate.txt","3063","date",">","1864.7.1","available = { date > 1864.7.1 }"
"common/national_focus/jap_vic_shogunate.txt","3088","date",">","1866.7.1","date > 1866.7.1"
"common/national_focus/jap_vic_shogunate.txt","3179","date",">","1866.7.1","date > 1866.7.1"
"common/national_focus/liberia_focus.txt","549","date",">","1862.01.01","date > 1862.01.01"
"common/national_focus/liechtenstein_focus.txt","58","date",">","1866.5.1","available = { date > 1866.5.1 }"
"common/national_focus/mex_vic_imperial_ft.txt","20","date",">","1861.12.08","available = { date > 1861.12.08 }"
"common/national_focus/mex_vic_imperial_ft.txt","85","date",">","1864.05.04","date > 1864.05.04"
"common/national_focus/mex_vic_imperial_ft.txt","1226","date",">","1865.9.1","date > 1865.9.1"
"common/national_focus/norway_focus.txt","1308","date",">","1859.1.1","available = { date > 1859.1.1 }"
"common/national_focus/norway_focus.txt","1310","date",">","1860.1.1","date > 1860.1.1"
"common/national_focus/norway_focus.txt","1537","date",">","1859.12.31","date > 1859.12.31"
"common/national_focus/nzl_vic_ft.txt","26","date",">","1862.01.01","available = { date > 1862.01.01 }"
"common/national_focus/nzl_vic_ft.txt","94","date",">","1858.5.1","available = { date > 1858.5.1 }"
"common/national_focus/nzl_vic_ft.txt","244","date",">","1859.06.01","available = { date > 1859.06.01 }"
"common/national_focus/nzl_vic_ft.txt","376","date",">","1863.01.1","date > 1863.01.1"
"common/national_focus/nzl_vic_ft.txt","570","date",">","1861.03.01","available = { date > 1861.03.01 }"
"common/national_focus/nzl_vic_ft.txt","608","date",">","1863.01.1","available = { date > 1863.01.1 }"
"common/national_focus/nzl_vic_ft.txt","691","date",">","1861.03.1","available = { date > 1861.03.1 }"
"common/national_focus/nzl_vic_ft.txt","775","date",">","1861.01.1","available = { date > 1861.01.1 }"
"common/national_focus/nzl_vic_ft.txt","850","date",">","1859.06.01","date > 1859.06.01"
"common/national_focus/nzl_vic_ft.txt","1160","date",">","1862.01.1","available = { date > 1862.01.1 }"
"common/national_focus/nzl_vic_ft.txt","1231","date",">","1865.01.1","available = { date > 1865.01.1 }"
"common/national_focus/nzl_vic_ft.txt","1285","date",">","1862.06.1","available = { date > 1862.06.1 }"
"common/national_focus/nzl_vic_ft.txt","1319","date",">","1861.01.1","available = { date > 1861.01.1 }"
"common/national_focus/nzl_vic_ft.txt","2044","date",">","1863.01.01","available = { date > 1863.01.01 }"
"common/national_focus/papal_states_focus.txt","1730","date",">","1865.12.23","available = { date > 1865.12.23 }"
"common/national_focus/paraguay_focus.txt","464","date",">","1860.1.1","available = { date > 1860.1.1 }"
"common/national_focus/peru_focus.txt","390","date",">","1860.10.12","available = { date > 1860.10.12 }"
"common/national_focus/peru_focus.txt","888","date",">","1860.7.28","available = { date > 1860.7.28 }"
"common/national_focus/peru_focus.txt","1205","date",">","1863.8.5","available = { date > 1863.8.5 }"
"common/national_focus/portugal_focus.txt","464","date",">","1863.5.19","available = { date > 1863.5.19 has_idea = POR_Luis }"
"common/national_focus/portugal_focus.txt","1729","date",">","1859.1.1","available = { date > 1859.1.1 }"
"common/national_focus/portugal_focus.txt","1774","date",">","1862.1.1","date > 1862.1.1"
"common/national_focus/prussia_focus.txt","793","date",">","1862.1.1","date > 1862.1.1"
"common/national_focus/prussia_focus.txt","864","date",">","1859.1.1","available = { date > 1859.1.1 }"
"common/national_focus/prussia_focus.txt","899","date",">","1860.1.1","available = { date > 1860.1.1 }"
"common/national_focus/prussia_focus.txt","933","date",">","1860.1.1","date > 1860.1.1"
"common/national_focus/prussia_focus.txt","977","date",">","1860.1.1","date > 1860.1.1"
"common/national_focus/prussia_focus.txt","1015","date",">","1861.1.1","date > 1861.1.1"
"common/national_focus/prussia_focus.txt","1057","date",">","1861.1.1","date > 1861.1.1"
"common/national_focus/prussia_focus.txt","1095","date",">","1861.1.1","date > 1861.1.1"
"common/national_focus/prussia_focus.txt","1137","date",">","1861.1.1","date > 1861.1.1"
"common/national_focus/prussia_focus.txt","1342","date",">","1859.1.1","available = { date > 1859.1.1 }"
"common/national_focus/prussia_focus.txt","1367","date",">","1860.1.1","available = { date > 1860.1.1 }"
"common/national_focus/prussia_focus.txt","1392","date",">","1861.1.1","available = { date > 1861.1.1 }"
"common/national_focus/russia_focus.txt","2697","date",">","1864.10.01","date > 1864.10.01"
"common/national_focus/russia_focus.txt","3236","date",">","1864.09.01","date > 1864.09.01"
"common/national_focus/russia_focus.txt","5651","date",">","1869.1.1","available = { date > 1869.1.1 }"
"common/national_focus/sardinia_piedmont_focus.txt","149","date",">","1858.1.1","available = { date > 1858.1.1 }"
"common/national_focus/sardinia_piedmont_focus.txt","644","date",">","1859.1.1","date > 1859.1.1"
"common/national_focus/sardinia_piedmont_focus.txt","680","date",">","1859.1.1","date > 1859.1.1"
"common/national_focus/sardinia_piedmont_focus.txt","781","date",">","1859.1.1","date > 1859.1.1"
"common/national_focus/sardinia_piedmont_focus.txt","821","date",">","1858.12.1","date > 1858.12.1"
"common/national_focus/saxony_focus.txt","2115","date",">","1860.1.1","available = { date > 1860.1.1 }"
"common/national_focus/saxony_focus.txt","2137","date",">","1861.1.1","available = { date > 1861.1.1 }"
"common/national_focus/saxony_focus.txt","2159","date",">","1862.1.1","available = { date > 1862.1.1 }"
"common/national_focus/saxony_focus.txt","2181","date",">","1865.1.1","available = { date > 1865.1.1 }"
"common/national_focus/saxony_focus.txt","2316","date",">","1862.1.1","available = { date > 1862.1.1 }"
"common/national_focus/saxony_focus.txt","2352","date",">","1862.1.1","available = { date > 1862.1.1 }"
"common/national_focus/saxony_focus.txt","2541","date",">","1858.1.1","available = { date > 1858.1.1 }"
"common/national_focus/saxony_focus.txt","2565","date",">","1861.1.1","available = { date > 1861.1.1 }"
"common/national_focus/saxony_focus.txt","2595","date",">","1864.1.1","date > 1864.1.1"
"common/national_focus/serbia_focus.txt","147","date",">","1858.10.01","date > 1858.10.01"
"common/national_focus/serbia_focus.txt","1255","date",">","1866.1.1","date > 1866.1.1"
"common/national_focus/serbia_focus.txt","1306","date",">","1867.1.1","date > 1867.1.1"
"common/national_focus/serbia_focus.txt","1707","date",">","1867.3.1","available = { date > 1867.3.1 }"
"common/national_focus/serbia_focus.txt","6132","date",">","1860.1.1","available = { date > 1860.1.1 }"
"common/national_focus/spain_focus.txt","35","date","<","1858.01.01","date < 1858.01.01"
"common/national_focus/spain_focus.txt","58","date","<","1858.01.01","date < 1858.01.01"
"common/national_focus/spain_focus.txt","80","date","<","1858.01.01","date < 1858.01.01"
"common/national_focus/spain_focus.txt","102","date","<","1858.01.01","date < 1858.01.01"
"common/national_focus/spain_focus.txt","139","date","<","1858.01.01","date < 1858.01.01"
"common/national_focus/spain_focus.txt","161","date","<","1858.01.10","date < 1858.01.10"
"common/national_focus/spain_focus.txt","215","date","<","1866.01.1","date < 1866.01.1"
"common/national_focus/spain_focus.txt","242","date","<","1866.01.1","date < 1866.01.1"
"common/national_focus/spain_focus.txt","276","date","<","1866.01.1","date < 1866.01.1"
"common/national_focus/spain_focus.txt","466","date","<","1866.01.1","date < 1866.01.1"
"common/national_focus/spain_focus.txt","497","date","<","1866.01.1","date < 1866.01.1"
"common/national_focus/spain_focus.txt","520","date","<","1866.01.1","date < 1866.01.1"
"common/national_focus/spain_focus.txt","833","date",">","1864.1.1","available = { date > 1864.1.1 }"
"common/national_focus/sweden_focus.txt","37","date",">","1860.1.1","date > 1860.1.1"
"common/national_focus/tunisia_focus.txt","373","date",">","1859.09.20","available = { date > 1859.09.20 }"
"common/national_focus/tuscany_focus.txt","1319","date",">","1859.1.1","available = { date > 1859.1.1 }"
"common/national_focus/two_sicilies_focus.txt","1307","date",">","1860.01.01","date > 1860.01.01"
"common/national_focus/two_sicilies_focus.txt","1314","date",">","1860.01.01","date > 1860.01.01"
"common/national_focus/usa_vic_civil_war_shared.txt","1382","date",">","1861.7.4","date > 1861.7.4"
"common/national_focus/usa_vic_csa_ft.txt","1323","date",">","1867.1.1","date > 1867.1.1"
"common/national_focus/usa_vic_fsa_ft.txt","1445","date",">","1864.7.1","date > 1864.7.1"
"common/national_focus/usa_vic_ft.txt","796","date",">","1858.2.1","available = { date > 1858.2.1 }"
"common/national_focus/usa_vic_ft.txt","869","date",">","1860.3.1","available = { date > 1860.3.1 }"
"common/national_focus/usa_vic_ft.txt","4808","date",">","1862.7.1","date > 1862.7.1"
"common/national_focus/usa_vic_ft.txt","4831","date",">","1864.7.1","date > 1864.7.1"
"common/national_focus/usa_vic_ft.txt","5007","date",">","1862.1.1","date > 1862.1.1"
"common/national_focus/usa_vic_ft.txt","5037","date",">","1863.7.1","date > 1863.7.1"
"common/national_focus/usa_vic_ft.txt","5065","date",">","1863.7.1","date > 1863.7.1"
"common/national_focus/venezuela_focus.txt","353","date",">","1858.01.01","available = { date > 1858.01.01 }"
"common/on_actions/_eoanbsys_game_map_on_actions.txt","5","date","<","1858.1.1","limit = { date < 1858.1.1 }"
"common/on_actions/_eoanbsys_worker_exploitation_on_actions.txt","6","has_start_date","<","1858.1.1","limit = { has_start_date < 1858.1.1 }"
"common/on_actions/_on_startup_events.txt","109","has_start_date","<","1858.1.1","limit = { has_start_date < 1858.1.1 }"
"common/on_actions/00_on_actions.txt","48","has_start_date","<","1858.05.11","limit = { has_start_date < 1858.05.11 }"
"common/on_actions/mantle_of_the_states_actions.txt","5","has_start_date","<","1858.1.1","limit = { has_start_date < 1858.1.1 }"
"common/on_actions/south_america_on_actions.txt","285","has_start_date","<","1858.1.1","limit = { has_start_date < 1858.1.1 }"
"common/scripted_effects/EoanB_effects_national_crises.txt","154","date","<","1866.7.1","date < 1866.7.1"
"common/scripted_effects/EoanB_effects_national_crises.txt","163","date","<","1865.1.1","date <1865.1.1"
"common/scripted_effects/EoanB_effects_national_crises.txt","172","date","<","1867.7.1","date < 1867.7.1"
"common/scripted_effects/POR_scripted_effects.txt","176","date",">","1861.7.1","limit = { date > 1861.7.1 }"
"common/scripted_localisation/00_scripted_localisation.txt","1172","date",">","1862.01.01","date > 1862.01.01"
"common/scripted_localisation/00_scripted_localisation.txt","1484","date",">","1862.01.01","date > 1862.01.01"
"common/scripted_triggers/diplomacy_scripted_triggers.txt","669","date","<","1859.1.1","date < 1859.1.1"
"common/scripted_triggers/diplomacy_scripted_triggers.txt","695","date","<","1859.1.1","date < 1859.1.1"
"common/technologies/air_techs.txt","59","date",">","1855.1.1","date > ""1855.1.1"""
"common/technologies/air_techs.txt","64","date",">","1860.1.1","date > ""1860.1.1"""
"common/technologies/air_techs.txt","69","date",">","1865.1.1","date > ""1865.1.1"""
"common/technologies/armor.txt","277","date","<","1860.1.1","date < 1860.1.1"
"common/technologies/armor.txt","285","date",">","1865.1.1","date > 1865.1.1"
"common/technologies/armor.txt","351","date","<","1865.1.1","date < 1865.1.1"
"common/technologies/armor.txt","963","date","<","1864.1.1","date < 1864.1.1"
"common/technologies/armor.txt","985","date",">","1865.1.1","date > 1865.1.1"
"common/technologies/armor.txt","989","date",">","1860.1.1","date > 1860.1.1"
"common/technologies/armor.txt","993","date",">","1865.1.1","date > 1865.1.1"
"common/technologies/armor.txt","1055","date","<","1865.1.1","date < 1865.1.1"
"common/technologies/armor.txt","1116","date","<","1865.1.1","date < 1865.1.1"
"common/technologies/armor.txt","1453","date","<","1865.1.1","date < 1865.1.1"
"common/technologies/artillery.txt","42","date","<","1860.1.1","modifier = {factor = 0 date < 1860.1.1 has_war = no}"
"common/technologies/artillery.txt","81","date","<","1860.1.1","modifier = {factor = 0 date < 1860.1.1 has_war = no}"
"common/technologies/artillery.txt","98","date","<","1865.1.1","modifier = {factor = 0 date < 1865.1.1 has_war = no}"
"common/technologies/artillery.txt","179","date","<","1860.1.1","modifier = {factor = 0 date < 1860.1.1 has_war = no}"
"common/technologies/artillery.txt","196","date","<","1860.1.1","modifier = {factor = 0 date < 1860.1.1 has_war = no}"
"common/technologies/artillery.txt","213","date","<","1865.1.1","modifier = {factor = 0 date < 1865.1.1 has_war = no}"
"common/technologies/artillery.txt","417","date","<","1860.1.1","modifier = { factor = 0 date < 1860.1.1 has_war = no }"
"common/technologies/artillery.txt","435","date","<","1860.1.1","modifier = { factor = 0 date < 1860.1.1 has_war = no }"
"common/technologies/artillery.txt","453","date","<","1860.1.1","modifier = { factor = 0 date < 1860.1.1 has_war = no }"
"common/technologies/artillery.txt","471","date","<","1860.1.1","modifier = { factor = 0 date < 1860.1.1 has_war = no }"
"common/technologies/artillery.txt","489","date","<","1860.1.1","modifier = { factor = 0 date < 1860.1.1 has_war = no }"
"common/technologies/artillery.txt","507","date","<","1860.1.1","modifier = { factor = 0 date < 1860.1.1 has_war = no }"
"common/technologies/artillery.txt","622","date","<","1865.1.1","modifier = { factor = 0 date < 1865.1.1 has_war = no }"
"common/technologies/aviation.txt","82","date",">","1860.1.1","date > 1860.1.1"
"common/technologies/aviation.txt","87","date",">","1860.1.1","date > ""1860.1.1"""
"common/technologies/aviation.txt","171","date",">","1860.1.1","modifier = { factor = 1 date > 1860.1.1 }"
"common/technologies/aviation.txt","185","date","<","1865.1.1","modifier = { factor = 0 date < ""1865.1.1"" }"
"common/technologies/aviation.txt","202","date","<","1865.1.1","modifier = { factor = 0 date < ""1865.1.1"" }"
"common/technologies/aviation.txt","218","date","<","1865.1.1","modifier = { factor = 0 date < ""1865.1.1"" }"
"common/technologies/biochemistry.txt","99","date",">","1860.1.1","date > 1860.1.1"
"common/technologies/biochemistry.txt","103","date","<","1860.1.1","date < 1860.1.1"
"common/technologies/biochemistry.txt","107","date",">","1860.1.1","date > 1860.1.1"
"common/technologies/biochemistry.txt","139","date",">","1865.1.1","date > 1865.1.1"
"common/technologies/biochemistry.txt","143","date","<","1865.1.1","date < 1865.1.1"
"common/technologies/biochemistry.txt","147","date",">","1865.1.1","date > 1865.1.1"
"common/technologies/biochemistry.txt","190","date",">","1860.1.1","date > 1860.1.1"
"common/technologies/biochemistry.txt","220","date","<","1860.1.1","date < 1860.1.1"
"common/technologies/biochemistry.txt","224","date",">","1860.1.1","date > 1860.1.1"
"common/technologies/biochemistry.txt","325","date",">","1860.1.1","date > 1860.1.1"
"common/technologies/biochemistry.txt","368","date",">","1865.1.1","date > 1865.1.1"
"common/technologies/biochemistry.txt","409","date","<","1865.1.1","date < 1865.1.1"
"common/technologies/biochemistry.txt","413","date",">","1865.1.1","date > 1865.1.1"
"common/technologies/biochemistry.txt","452","date","<","1865.1.1","date < 1865.1.1"
"common/technologies/biochemistry.txt","456","date",">","1865.1.1","date > 1865.1.1"
"common/technologies/biochemistry.txt","1197","date",">","1865.1.1","date > 1865.1.1"
"common/technologies/biochemistry.txt","1201","date",">","1860.1.1","date > 1860.1.1"
"common/technologies/biochemistry.txt","1244","date","<","1860.1.1","date < 1860.1.1"
"common/technologies/biochemistry.txt","1248","date",">","1860.1.1","date > 1860.1.1"
"common/technologies/biochemistry.txt","1252","date",">","1865.1.1","date > 1865.1.1"
"common/technologies/biochemistry.txt","1296","date","<","1860.1.1","date < 1860.1.1"
"common/technologies/biochemistry.txt","1300","date",">","1860.1.1","date > 1860.1.1"
"common/technologies/biochemistry.txt","1304","date",">","1865.1.1","date > 1865.1.1"
"common/technologies/biochemistry.txt","1333","date","<","1860.1.1","date < 1860.1.1"
"common/technologies/biochemistry.txt","1337","date",">","1860.1.1","date > 1860.1.1"
"common/technologies/biochemistry.txt","1502","date",">","1865.1.1","date > 1865.1.1"
"common/technologies/biochemistry.txt","1554","date",">","1860.1.1","date > 1860.1.1"
"common/technologies/biochemistry.txt","1559","date",">","1865.1.1","date > 1865.1.1"
"common/technologies/biochemistry.txt","1571","date",">","1860.1.1","date > 1860.1.1"
"common/technologies/biochemistry.txt","1789","date",">","1855.1.1","date > 1855.1.1"
"common/technologies/biochemistry.txt","1822","date","<","1865.1.1","date < 1865.1.1"
"common/technologies/biochemistry.txt","1826","date",">","1865.1.1","date > 1865.1.1"
"common/technologies/biochemistry.txt","2018","date",">","1855.1.1","date > 1855.1.1"
"common/technologies/biochemistry.txt","2053","date","<","1860.1.1","date < 1860.1.1"
"common/technologies/biochemistry.txt","2429","date","<","1865.1.1","date < 1865.1.1"
"common/technologies/biochemistry.txt","2531","date","<","1865.1.1","date < 1865.1.1"
"common/technologies/biochemistry.txt","2560","date","<","1860.1.1","date < 1860.1.1"
"common/technologies/electronics_devices.txt","113","date","<","1865.1.1","date < 1865.1.1"
"common/technologies/electronics_devices.txt","258","date",">","1860.1.1","date > 1860.1.1"
"common/technologies/electronics_devices.txt","298","date",">","1865.1.1","date > 1865.1.1"
"common/technologies/electronics_devices.txt","302","date",">","1865.1.1","date > 1865.1.1"
"common/technologies/electronics_devices.txt","310","date","<","1860.1.1","date < 1860.1.1"
"common/technologies/electronics_devices.txt","735","date","<","1860.1.1","date < 1860.1.1"
"common/technologies/electronics_devices.txt","739","date",">","1860.1.1","date > 1860.1.1"
"common/technologies/electronics_devices.txt","890","date",">","1859.1.1","date > 1859.1.1"
"common/technologies/electronics_devices.txt","1566","date",">","1860.1.1","date > 1860.1.1"
"common/technologies/electronics_devices.txt","1605","date",">","1860.1.1","date > 1860.1.1"
"common/technologies/electronics_devices.txt","1668","date",">","1860.1.1","date > 1860.1.1"
"common/technologies/electronics_devices.txt","1703","date","<","1860.1.1","date < 1860.1.1"
"common/technologies/electronics_devices.txt","1707","date","<","1860.1.1","date < 1860.1.1"
"common/technologies/electronics_devices.txt","1711","date",">","1860.1.1","date > 1860.1.1"
"common/technologies/electronics_devices.txt","1741","date","<","1860.1.1","date < 1860.1.1"
"common/technologies/electronics_devices.txt","1777","date","<","1865.1.1","date < 1865.1.1"
"common/technologies/humanities.txt","40","date",">","1855.1.1","date > ""1855.1.1"""
"common/technologies/humanities.txt","89","date",">","1855.1.1","date > ""1855.1.1"""
"common/technologies/humanities.txt","136","date",">","1855.1.1","date > ""1855.1.1"""
"common/technologies/humanities.txt","173","date",">","1855.1.1","date > ""1855.1.1"""
"common/technologies/humanities.txt","211","date",">","1855.1.1","date > ""1855.1.1"""
"common/technologies/humanities.txt","253","date",">","1855.1.1","date > ""1855.1.1"""
"common/technologies/humanities.txt","286","date",">","1855.1.1","date > ""1855.1.1"""
"common/technologies/humanities.txt","325","date",">","1855.1.1","date > ""1855.1.1"""
"common/technologies/humanities.txt","368","date",">","1855.1.1","date > ""1855.1.1"""
"common/technologies/humanities.txt","409","date",">","1855.1.1","date > ""1855.1.1"""
"common/technologies/humanities.txt","446","date",">","1865.1.1","date > ""1865.1.1"""
"common/technologies/humanities.txt","493","date",">","1865.1.1","date > ""1865.1.1"""
"common/technologies/humanities.txt","544","date",">","1865.1.1","date > ""1865.1.1"""
"common/technologies/humanities.txt","581","date",">","1865.1.1","date > ""1865.1.1"""
"common/technologies/humanities.txt","619","date",">","1865.1.1","date > ""1865.1.1"""
"common/technologies/humanities.txt","718","date",">","1855.1.1","date > ""1855.1.1"""
"common/technologies/humanities.txt","750","date",">","1860.1.1","date > ""1860.1.1"""
"common/technologies/humanities.txt","968","date",">","1860.1.1","date > ""1860.1.1"""
"common/technologies/humanities.txt","973","date",">","1865.1.1","date > ""1865.1.1"""
"common/technologies/humanities.txt","1663","date",">","1855.1.1","date > ""1855.1.1"""
"common/technologies/infantry.txt","333","date","<","1860.1.1","date < ""1860.1.1"""
"common/technologies/infantry.txt","337","date",">","1865.1.1","date > ""1865.1.1"""
"common/technologies/infantry.txt","394","date","<","1864.1.1","date < ""1864.1.1"""
"common/technologies/infantry.txt","398","date",">","1869.1.1","date > ""1869.1.1"""
"common/technologies/infantry.txt","446","date","<","1865.1.1","date < ""1865.1.1"""
"common/technologies/infantry.txt","1457","date",">","1860.1.1","date > 1860.1.1"
"common/technologies/infantry.txt","1495","date",">","1865.1.1","date > 1865.1.1"
"common/technologies/infantry.txt","1899","date",">","1860.1.1","date > 1860.1.1"
"common/technologies/infantry.txt","2481","date",">","1860.1.1","date > 1860.1.1"
"common/technologies/infantry.txt","2517","date",">","1869.1.1","date > 1869.1.1"
"common/technologies/infantry.txt","2771","date","<","1864.1.1","date < 1864.1.1"
"common/technologies/infantry.txt","2803","date","<","1867.1.1","date < 1867.1.1"
"common/technologies/infantry.txt","2835","date","<","1869.1.1","date < 1869.1.1"
"common/technologies/infantry.txt","3190","date","<","1865.1.1","date < ""1865.1.1"""
"common/technologies/infantry.txt","3840","date","<","1860.1.1","date < ""1860.1.1"""
"common/technologies/infantry.txt","3844","date",">","1860.1.1","date > ""1860.1.1"""
"common/technologies/infantry.txt","3898","date","<","1860.1.1","date < ""1860.1.1"""
"common/technologies/infantry.txt","3906","date",">","1860.1.1","date > ""1860.1.1"""
"common/technologies/mechanical_engineering.txt","43","date",">","1855.1.1","date > ""1855.1.1"""
"common/technologies/mechanical_engineering.txt","48","date",">","1860.1.1","date > ""1860.1.1"""
"common/technologies/mechanical_engineering.txt","53","date",">","1865.1.1","date > ""1865.1.1"""
"common/technologies/mechanical_engineering.txt","91","date",">","1860.1.1","date > ""1860.1.1"""
"common/technologies/mechanical_engineering.txt","125","date",">","1865.1.1","date > ""1865.1.1"""
"common/technologies/mechanical_engineering.txt","216","date",">","1860.1.1","date > ""1860.1.1"""
"common/technologies/mechanical_engineering.txt","224","date",">","1860.1.1","date > ""1860.1.1"""
"common/technologies/mechanical_engineering.txt","228","date",">","1865.1.1","date > ""1865.1.1"""
"common/technologies/mechanical_engineering.txt","277","date",">","1860.1.1","date > 1860.1.1"
"common/technologies/mechanical_engineering.txt","285","date",">","1860.1.1","date > 1860.1.1"
"common/technologies/mechanical_engineering.txt","289","date",">","1865.1.1","date > 1865.1.1"
"common/technologies/mechanical_engineering.txt","338","date","<","1865.1.1","date < 1865.1.1"
"common/technologies/mechanical_engineering.txt","450","date",">","1860.1.1","date > 1860.1.1"
"common/technologies/mechanical_engineering.txt","466","date","<","1865.1.1","date < 1865.1.1"
"common/technologies/mechanical_engineering.txt","475","date",">","1860.1.1","date > 1860.1.1"
"common/technologies/mechanical_engineering.txt","523","date",">","1860.1.1","date > 1860.1.1"
"common/technologies/mechanical_engineering.txt","539","date","<","1865.1.1","date < 1865.1.1"
"common/technologies/mechanical_engineering.txt","548","date",">","1860.1.1","date > 1860.1.1"
"common/technologies/mechanical_engineering.txt","580","date","<","1865.1.1","date < 1865.1.1"
"common/technologies/mechanical_engineering.txt","669","date",">","1865.1.1","date > 1865.1.1"
"common/technologies/mechanical_engineering.txt","673","date",">","1860.1.1","date > 1860.1.1"
"common/technologies/mechanical_engineering.txt","740","date",">","1865.1.1","date > 1865.1.1"
"common/technologies/mechanical_engineering.txt","744","date",">","1862.1.1","date > 1862.1.1"
"common/technologies/mechanical_engineering.txt","1115","date",">","1865.1.1","date > ""1865.1.1"""
"common/technologies/mechanical_engineering.txt","1119","date",">","1865.1.1","date > ""1865.1.1"""
"common/technologies/mechanical_engineering.txt","1520","date",">","1860.1.1","date > ""1860.1.1"""
"common/technologies/mechanical_engineering.txt","1524","date",">","1862.1.1","date > ""1862.1.1"""
"common/technologies/mechanical_engineering.txt","1828","date",">","1860.1.1","date > ""1860.1.1"""
"common/technologies/mechanical_engineering.txt","1832","date",">","1865.1.1","date > ""1865.1.1"""
"common/technologies/mechanical_engineering.txt","1837","date","<","1860.1.1","date < ""1860.1.1"""
"common/technologies/mechanical_engineering.txt","2064","date","<","1860.1.1","date < ""1860.1.1"""
"common/technologies/mechanical_engineering.txt","2071","date",">","1862.1.1","date > ""1862.1.1"""
"common/technologies/mechanical_engineering.txt","2075","date",">","1860.1.1","date > ""1860.1.1"""
"common/technologies/mechanical_engineering.txt","2139","date","<","1860.1.1","date < ""1860.1.1"""
"common/technologies/mechanical_engineering.txt","2144","date",">","1860.1.1","date > ""1860.1.1"""
"common/technologies/mechanical_engineering.txt","2191","date",">","1860.1.1","date > 1860.1.1"
"common/technologies/mechanical_engineering.txt","2233","date","<","1865.1.1","date < ""1865.1.1"""
"common/technologies/mechanical_engineering.txt","2238","date",">","1865.1.1","date > ""1865.1.1"""
"common/technologies/mechanical_engineering.txt","2616","date",">","1860.1.1","date > ""1860.1.1"""
"common/technologies/mechanical_engineering.txt","2684","date",">","1855.1.1","date > ""1855.1.1"""
"common/technologies/mechanical_engineering.txt","2720","date","<","1865.1.1","date < ""1865.1.1"""
"common/technologies/mechanical_engineering.txt","2725","date",">","1865.1.1","date > ""1865.1.1"""
"common/technologies/naval_Support.txt","469","date","<","1865.1.1","date < 1865.1.1"
"common/technologies/naval_Support.txt","802","date","<","1860.1.1","date < 1860.1.1"
"common/technologies/naval_Support.txt","839","date","<","1862.1.1","date < 1862.1.1"
"common/technologies/naval_Support.txt","883","date","<","1868.1.1","date < 1868.1.1"
"common/technologies/naval_Support.txt","1853","date","<","1860.1.1","date < 1860.1.1"
"common/technologies/naval_Support.txt","1930","date","<","1868.1.1","date < 1868.1.1"
"common/technologies/naval_Support.txt","2258","date","<","1865.1.1","date < 1865.1.1"
"common/technologies/naval_Support.txt","2304","date","<","1865.1.1","date < 1865.1.1"
"common/technologies/naval_Support.txt","3055","date","<","1865.1.1","date < 1865.1.1"
"common/technologies/naval_Support.txt","3765","date","<","1862.1.1","date < 1862.1.1"
"common/technologies/naval.txt","226","date","<","1860.1.1","date < 1860.1.1"
"common/technologies/naval.txt","267","date","<","1860.1.1","date < 1860.1.1"
"common/technologies/naval.txt","316","date","<","1867.1.1","date < 1867.1.1"
"common/technologies/naval.txt","320","date","<","1868.1.1","date < 1868.1.1"
"common/technologies/naval.txt","647","date","<","1862.1.1","date < 1862.1.1"
"common/technologies/naval.txt","1209","date","<","1860.1.1","date < 1860.1.1"
"common/technologies/naval.txt","1257","date","<","1868.1.1","date < 1868.1.1"
"common/technologies/naval.txt","2310","date","<","1860.1.1","date < 1860.1.1"
"common/technologies/naval.txt","2358","date","<","1865.1.1","date < 1865.1.1"
"common/technologies/naval.txt","4083","date","<","1868.1.1","date < 1868.1.1"
"common/technologies/process_engineering.txt","31","date",">","1860.1.1","date > 1860.1.1"
"common/technologies/process_engineering.txt","309","date","<","1860.1.1","date < 1860.1.1"
"common/technologies/process_engineering.txt","745","date",">","1860.1.1","date > 1860.1.1"
"common/technologies/process_engineering.txt","789","date",">","1860.1.1","date > 1860.1.1"
"common/technologies/process_engineering.txt","829","date",">","1860.1.1","date > 1860.1.1"
"common/technologies/process_engineering.txt","880","date",">","1867.1.1","date > ""1867.1.1"""
"common/technologies/process_engineering.txt","954","date",">","1860.1.1","date > ""1860.1.1"""
"common/technologies/process_engineering.txt","966","date",">","1865.1.1","date > 1865.1.1"
"common/technologies/process_engineering.txt","1020","date",">","1860.1.1","date > 1860.1.1"
"common/technologies/process_engineering.txt","1114","date","<","1865.1.1","date < 1865.1.1"
"common/technologies/support.txt","83","date",">","1863.1.1","date > ""1863.1.1"""
"common/technologies/support.txt","88","date",">","1865.1.1","date > ""1865.1.1"""
"common/technologies/support.txt","93","date",">","1868.1.1","date > ""1868.1.1"""
"common/technologies/support.txt","241","date","<","1860.1.1","date < ""1860.1.1"""
"common/technologies/support.txt","252","date",">","1863.1.1","date > ""1863.1.1"""
"common/technologies/support.txt","257","date",">","1865.1.1","date > ""1865.1.1"""
"common/technologies/support.txt","262","date",">","1868.1.1","date > ""1868.1.1"""
"common/technologies/support.txt","301","date","<","1868.1.1","date < ""1868.1.1"""
"common/technologies/support.txt","814","date","<","1860.1.1","date < 1860.1.1"
"common/technologies/support.txt","825","date",">","1863.1.1","date > ""1863.1.1"""
"common/technologies/support.txt","830","date",">","1865.1.1","date > ""1865.1.1"""
"common/technologies/support.txt","835","date",">","1868.1.1","date > ""1868.1.1"""
"common/technologies/support.txt","868","date","<","1868.1.1","date < 1868.1.1"
"common/technologies/support.txt","1372","date","<","1860.1.1","date < 1860.1.1"
"common/technologies/support.txt","1427","date","<","1868.1.1","date < 1868.1.1"
"common/technologies/support.txt","1846","date",">","1863.1.1","date > ""1863.1.1"""
"common/technologies/support.txt","1851","date","<","1860.1.1","date < 1860.1.1"
"common/technologies/support.txt","1857","date",">","1865.1.1","date > ""1865.1.1"""
"common/technologies/support.txt","1862","date",">","1868.1.1","date > ""1868.1.1"""
"common/technologies/support.txt","1896","date","<","1868.1.1","date < 1868.1.1"
"events/_eoanbsys_resource_deposits.txt","42","date",">","1863.1.1","date > 1863.1.1"
"events/_generic_flavour_events.txt","587","date",">","1857.01.01","date > 1857.01.01"
"events/_generic_flavour_events.txt","615","date",">","1857.01.01","date > 1857.01.01"
"events/_generic_flavour_events.txt","643","date",">","1857.01.01","date > 1857.01.01"
"events/american_civil_war_events.txt","4370","date",">","1862.1.1","date > 1862.1.1"
"events/american_civil_war_events.txt","4447","date",">","1862.1.1","date > 1862.1.1"
"events/american_civil_war_events.txt","4717","date",">","1861.11.8","date > 1861.11.8"
"events/american_civil_war_events.txt","5685","date",">","1864.11.5","limit = { date > 1864.11.5 }"
"events/arabia_events.txt","1282","date",">","1862.01.01","date > 1862.01.01"
"events/arabia_events.txt","1439","date",">","1866.04.01","date>1866.04.01"
"events/austrian_empire_events.txt","9198","date",">","1859.05.15","date > 1859.05.15"
"events/baltic_events.txt","66","date",">","1868.01.01","date > 1868.01.01"
"events/baltic_events.txt","108","date",">","1869.01.01","date > 1869.01.01"
"events/brazil_events.txt","501","date",">","1861.4.4","date > 1861.4.4"
"events/brazil_events.txt","536","date",">","1861.7.10","date > 1861.7.10"
"events/brazil_events.txt","567","date",">","1857.6.10","date > 1857.6.10"
"events/brazil_events.txt","598","date",">","1862.7.17","date > 1862.7.17"
"events/brazil_events.txt","639","date",">","1862.7.19","date > 1862.7.19"
"events/brazil_events.txt","671","date",">","1862.8.19","date > 1862.8.19"
"events/brazil_events.txt","719","date",">","1862.9.19","date > 1862.9.19"
"events/brazil_events.txt","746","date",">","1862.9.19","date > 1862.9.19"
"events/brazil_events.txt","772","date",">","1862.10.19","date > 1862.10.19"
"events/brazil_events.txt","804","date",">","1862.11.3","date > 1862.11.3"
"events/brazil_events.txt","867","date",">","1863.5.25","date > 1863.5.25"
"events/brazil_events.txt","934","date",">","1863.6.2","date > 1863.6.2"
"events/brazil_events.txt","965","date",">","1863.6.10","date > 1863.6.10"
"events/brazil_events.txt","996","date",">","1863.6.18","date > 1863.6.18"
"events/brazil_events.txt","1142","date",">","1864.2.1","date > 1864.2.1"
"events/brazil_events.txt","1173","date",">","1864.2.1","date > 1864.2.1"
"events/brazil_events.txt","1202","date",">","1864.10.1","date > 1864.10.1"
"events/brazil_events.txt","1231","date",">","1864.10.1","date > 1864.10.1"
"events/brazil_events.txt","1260","date",">","1865.4.30","date > 1865.4.30"
"events/brazil_events.txt","1304","date",">","1865.4.30","date > 1865.4.30"
"events/brazil_events.txt","1341","date",">","1865.8.20","date > 1865.8.20"
"events/brazil_events.txt","1372","date",">","1865.9.23","date > 1865.9.23"
"events/brazil_events.txt","7226","date",">","1857.4.4","date > 1857.4.4"
"events/britain_colonies_events.txt","1050","date",">","1866.12.20","date > 1866.12.20"
"events/britain_colonies_events.txt","6008","date",">","1860.06.01","date > 1860.06.01"
"events/britain_colonies_events.txt","6343","date",">","1862.01.10","date > 1862.01.10"
"events/britain_colonies_events.txt","6347","date",">","1863.01.10","date > 1863.01.10"
"events/britain_colonies_events.txt","6350","date",">","1866.10.1","NOT = { date > 1866.10.1 }"
"events/britain_colonies_events.txt","6400","date",">","1863.05.1","date > 1863.05.1"
"events/britain_colonies_events.txt","6403","date",">","1865.04.1","date > 1865.04.1"
"events/britain_colonies_events.txt","6406","date",">","1866.01.1","NOT = { date > 1866.01.1 }"
"events/britain_colonies_events.txt","6658","date",">","1865.06.01","date > 1865.06.01"
"events/britain_colonies_events.txt","6918","date",">","1867.04.18","date > 1867.04.18"
"events/britain_colonies_events.txt","6930","date",">","1865.09.25","date > 1865.09.25"
"events/britain_colonies_events.txt","6942","date",">","1862.12.11","date > 1862.12.11"
"events/britain_colonies_events.txt","7229","date",">","1860.8.20","date > 1860.8.20"
"events/britain_colonies_events.txt","7249","date",">","1861.11.7","date > 1861.11.7"
"events/britain_colonies_events.txt","7269","date",">","1861.6.13","date > 1861.6.13"
"events/britain_colonies_events.txt","7331","date",">","1861.10.1","date > 1861.10.1"
"events/britain_colonies_events.txt","7351","date",">","1863.6.30","date > 1863.6.30"
"events/britain_colonies_events.txt","7371","date",">","1866.10.24","date > 1866.10.24"
"events/britain_colonies_events.txt","7391","date",">","1867.11.24","date > 1867.11.24"
"events/britain_events.txt","219","date",">","1858.7.25","date > 1858.7.25"
"events/britain_events.txt","2277","date",">","1858.5.10","date > 1858.5.10"
"events/britain_events.txt","2281","date",">","1859.5.10","date > 1859.5.10"
"events/britain_events.txt","2284","date",">","1860.5.10","date > 1860.5.10"
"events/britain_events.txt","3204","date",">","1867.1.1","date > 1867.1.1"
"events/confederates_events.txt","2750","date",">","1868.1.1","date > 1868.1.1"
"events/finland_events.txt","352","date",">","1857.9.17","date > 1857.9.17"
"events/greece_events.txt","466","date",">","1865.04.20","date > 1865.04.20"
"events/italy_risorgimento_events.txt","10093","date","<","1860.04.01","date < 1860.04.01"
"events/italy_unified_events.txt","743","date",">","1864.6.1","date > 1864.6.1"
"events/italy_unified_events.txt","803","date",">","1864.6.1","date > 1864.6.1"
"events/italy_unified_events.txt","804","date","<","1869.6.1","date < 1869.6.1"
"events/japan_daimyo_events.txt","1507","date",">","1865.7.1","date > 1865.7.1"
"events/mexico_events.txt","556","date",">","1859.4.10","date > 1859.4.10"
"events/morocco_events.txt","316","date",">","1860.2.4","date > 1860.2.4"
"events/News_Events.txt","1037","date",">","1869.1.1","date > 1869.1.1"
"events/paraguay_events.txt","56","date",">","1863.1.1","date > 1863.1.1"
"events/paraguay_events.txt","63","date",">","1864.1.1","date > 1864.1.1"
"events/poland_events.txt","1177","date",">","1864.6.1","date > 1864.6.1"
"events/poland_events.txt","1539","date",">","1863.1.26","date > 1863.1.26"
"events/poland_events.txt","2073","date","<","1866.01.01","date < 1866.01.01"
"events/poland_events.txt","2130","date","<","1866.01.01","date < 1866.01.01"
"events/poland_events.txt","4174","date",">","1865.1.1","date > 1865.1.1"
"events/poland_events.txt","4175","date","<","1866.1.1","date < 1866.1.1"
"events/portugal_events.txt","794","date",">","1863.7.1","date > 1863.7.1"
"events/qing_events.txt","1528","date",">","1857.6.1","date > 1857.6.1"
"events/qing_events.txt","1605","date",">","1858.1.18","date > 1858.1.18"
"events/qing_events.txt","1658","date",">","1859.1.18","date > 1859.1.18"
"events/qing_events.txt","1722","date",">","1861.2.10","date > 1861.2.10"
"events/qing_events.txt","1768","date",">","1861.10.1","date > 1861.10.1"
"events/qing_events.txt","1830","date",">","1863.5.1","date > 1863.5.1"
"events/qing_events.txt","1936","date",">","1862.4.18","date > 1862.4.18"
"events/qing_events.txt","1937","date","<","1865.1.1","date < 1865.1.1"
"events/qing_events.txt","1989","date",">","1861.3.1","date > 1861.3.1"
"events/qing_events.txt","1990","date","<","1865.1.1","date < 1865.1.1"
"events/qing_events.txt","4029","date","<","1869.1.1","date < 1869.1.1"
"events/qing_events.txt","4214","date",">","1865.1.1","date > 1865.1.1"
"events/sepoys_events.txt","73","date",">","1857.6.1","date > 1857.6.1"
"events/seven_weeks_war_events.txt","19","date",">","1865.9.1","date > 1865.9.1"
"events/seven_weeks_war_events.txt","25","date",">","1866.1.1","date > 1866.1.1"
"events/sweden_events.txt","330","date",">","1858.4.2","date > 1858.4.2"
"events/taiping_events.txt","91","date",">","1862.5.1","date > 1862.5.1"
"events/taiping_events.txt","111","date",">","1861.3.1","date > 1861.3.1"
"events/USA_Events.txt","10387","date",">","1869.01.01","date > 1869.01.01"
"events/USA_Events.txt","10560","date",">","1862.1.1","date > 1862.1.1"
"events/USA_Events.txt","11210","date",">","1864.1.1","date > 1864.1.1"
"events/USA_Events.txt","11211","date","<","1864.4.1","date < 1864.4.1"
"events/USA_Events.txt","11308","date",">","1864.6.6","date > 1864.6.6"
"events/USA_Events.txt","11309","date","<","1864.6.9","date < 1864.6.9"
"events/USA_Events.txt","11422","date",">","1868.11.01","date > 1868.11.01"
"events/USA_Events.txt","11423","date","<","1868.11.04","date < 1868.11.04"
"events/USA_Events.txt","11482","date",">","1868.05.01","date > 1868.05.01"
"events/USA_Events.txt","11483","date","<","1868.10.01","date < 1868.10.01"
"events/USA_Events.txt","11544","date",">","1869.09.01","date > 1869.09.01"
"events/USA_Events.txt","14010","date",">","1868.1.1","date > 1868.1.1"
"events/USA_Events.txt","14011","date","<","1869.1.1","date < 1869.1.1"
"events/USA_Events.txt","14094","date",">","1868.3.4","date > 1868.3.4"
"events/USA_Events.txt","14145","date",">","1868.3.4","date > 1868.3.4"
"events/USA_Events.txt","14188","date",">","1868.3.4","date > 1868.3.4"
"events/wallachia_events.txt","1044","date",">","1858.8.8","date > 1858.8.8"
